Dependency=ASHRAE IECC Climate Zone 2004 - 2A Split	Dependency=Heating Fuel	Dependency=Vintage	Option=Ducted Heat Pump	Option=Ducted Heating	Option=Non-Ducted Heat Pump	Option=Non-Ducted Heating	Option=None	source_count	source_weight	sampling_probability
1A	Electricity	1940s	0.000000	0.000000	0.000000	1.000000	0.000000	21	32199.4	0.000435254
1A	Fuel Oil	1940s	0.000000	0.000000	0.000000	1.000000	0.000000	1	561.124	9.01E-08
1A	Natural Gas	1940s	0.000000	0.000000	0.000000	1.000000	0.000000	1	561.124	1.34E-05
1A	None	1940s	0.000000	0.000000	0.000000	1.000000	0.000000	7	8413.25	2.40E-05
1A	Other Fuel	1940s	0.000000	0.000000	0.000000	1.000000	0.000000	1	561.124	5.02E-07
1A	Propane	1940s	0.000000	0.000000	0.000000	1.000000	0.000000	1	561.124	2.21E-06
1A	Electricity	1950s	0.000000	0.000000	0.000000	1.000000	0.000000	73	94147.4	0.00145088
1A	Fuel Oil	1950s	0.000000	0.000000	0.000000	1.000000	0.000000	13	7827.11	1.14E-06
1A	Natural Gas	1950s	0.000000	0.000000	0.000000	1.000000	0.000000	13	7827.11	4.33E-05
1A	None	1950s	0.000000	0.000000	0.000000	1.000000	0.000000	15	18007.5	8.10E-05
1A	Other Fuel	1950s	0.000000	0.000000	0.000000	1.000000	0.000000	13	7827.11	3.11E-06
1A	Propane	1950s	0.000000	0.000000	0.000000	1.000000	0.000000	13	7827.11	1.28E-05
1A	Electricity	1960s	0.000000	0.000000	0.000000	1.000000	0.000000	86	111004	0.00182236
1A	Fuel Oil	1960s	0.000000	0.000000	0.000000	1.000000	0.000000	13	5792.02	2.07E-06
1A	Natural Gas	1960s	0.000000	0.000000	0.000000	1.000000	0.000000	13	5792.02	4.89E-05
1A	None	1960s	0.000000	0.000000	0.000000	1.000000	0.000000	10	12450	9.47E-05
1A	Other Fuel	1960s	0.000000	0.000000	0.000000	1.000000	0.000000	13	5792.02	1.92E-06
1A	Propane	1960s	0.000000	0.000000	0.000000	1.000000	0.000000	13	5792.02	8.28E-06
1A	Electricity	1970s	0.000000	0.000000	0.000000	1.000000	0.000000	153	227797	0.00289116
1A	Fuel Oil	1970s	0.000000	0.000000	0.000000	1.000000	0.000000	19	8294.13	3.27E-06
1A	Natural Gas	1970s	0.000000	0.000000	0.000000	1.000000	0.000000	19	8294.13	6.85E-05
1A	None	1970s	0.000000	0.000000	0.000000	1.000000	0.000000	19	26143.7	0.000134637
1A	Other Fuel	1970s	0.000000	0.000000	0.000000	1.000000	0.000000	19	8294.13	3.38E-06
1A	Propane	1970s	0.000000	0.000000	0.000000	1.000000	0.000000	19	8294.13	9.66E-06
1A	Electricity	1980s	0.000000	0.000000	0.000000	1.000000	0.000000	181	252905	0.00220356
1A	Fuel Oil	1980s	0.000000	0.000000	0.000000	1.000000	0.000000	11	5548.23	2.63E-06
1A	Natural Gas	1980s	0.000000	0.000000	0.000000	1.000000	0.000000	11	5548.23	3.68E-05
1A	None	1980s	0.000000	0.000000	0.000000	1.000000	0.000000	21	27798.1	8.50E-05
1A	Other Fuel	1980s	0.000000	0.000000	0.000000	1.000000	0.000000	11	5548.23	2.26E-06
1A	Propane	1980s	0.000000	0.000000	0.000000	1.000000	0.000000	11	5548.23	6.35E-06
1A	Electricity	1990s	0.000000	0.000000	0.000000	1.000000	0.000000	163	237659	0.00189714
1A	Fuel Oil	1990s	0.000000	0.000000	0.000000	1.000000	0.000000	12	5943.92	2.96E-06
1A	Natural Gas	1990s	0.000000	0.000000	0.000000	1.000000	0.000000	12	5943.92	4.04E-05
1A	None	1990s	0.000000	0.000000	0.000000	1.000000	0.000000	13	15475.8	6.40E-05
1A	Other Fuel	1990s	0.000000	0.000000	0.000000	1.000000	0.000000	12	5943.92	2.73E-06
1A	Propane	1990s	0.000000	0.000000	0.000000	1.000000	0.000000	12	5943.92	6.59E-06
1A	Electricity	2000s	0.000000	0.000000	0.000000	1.000000	0.000000	168	108878	0.00153484
1A	Fuel Oil	2000s	0.000000	0.000000	0.000000	1.000000	0.000000	21	4778.57	3.47E-06
1A	Natural Gas	2000s	0.000000	0.000000	0.000000	1.000000	0.000000	21	4778.57	4.09E-05
1A	None	2000s	0.000000	0.000000	0.000000	1.000000	0.000000	17	11903.9	6.39E-05
1A	Other Fuel	2000s	0.000000	0.000000	0.000000	1.000000	0.000000	21	4778.57	2.29E-06
1A	Propane	2000s	0.000000	0.000000	0.000000	1.000000	0.000000	21	4778.57	6.38E-06
1A	Electricity	2010s	0.000000	0.000000	0.000000	1.000000	0.000000	168	108878	0.0005271
1A	Fuel Oil	2010s	0.000000	0.000000	0.000000	1.000000	0.000000	21	4778.57	9.59E-08
1A	Natural Gas	2010s	0.000000	0.000000	0.000000	1.000000	0.000000	21	4778.57	1.84E-05
1A	None	2010s	0.000000	0.000000	0.000000	1.000000	0.000000	17	11903.9	1.71E-05
1A	Other Fuel	2010s	0.000000	0.000000	0.000000	1.000000	0.000000	21	4778.57	8.34E-07
1A	Propane	2010s	0.000000	0.000000	0.000000	1.000000	0.000000	21	4778.57	2.66E-06
1A	Electricity	<1940	0.000000	0.000000	0.000000	1.000000	0.000000	23	29152.5	0.00030865
1A	Fuel Oil	<1940	0.000000	0.000000	0.000000	1.000000	0.000000	5	1780.37	2.85E-07
1A	Natural Gas	<1940	0.000000	0.000000	0.000000	1.000000	0.000000	5	1780.37	1.27E-05
1A	None	<1940	0.000000	0.000000	0.000000	1.000000	0.000000	5	6384.19	2.22E-05
1A	Other Fuel	<1940	0.000000	0.000000	0.000000	1.000000	0.000000	5	1780.37	7.01E-07
1A	Propane	<1940	0.000000	0.000000	0.000000	1.000000	0.000000	5	1780.37	3.12E-06
"2A - FL, GA, AL, MS"	Electricity	1940s	0.000000	0.000000	0.000000	1.000000	0.000000	21	146686	0.000948796
"2A - FL, GA, AL, MS"	Fuel Oil	1940s	0.000000	0.000000	0.000000	1.000000	0.000000	1	2556.23	5.00E-06
"2A - FL, GA, AL, MS"	Natural Gas	1940s	0.000000	0.000000	0.000000	1.000000	0.000000	1	2556.23	0.000148549
"2A - FL, GA, AL, MS"	None	1940s	0.000000	0.000000	0.000000	1.000000	0.000000	7	38327	2.07E-05
"2A - FL, GA, AL, MS"	Other Fuel	1940s	0.000000	0.000000	0.000000	1.000000	0.000000	1	2556.23	6.39E-06
"2A - FL, GA, AL, MS"	Propane	1940s	0.000000	0.000000	0.000000	1.000000	0.000000	1	2556.23	2.86E-05
"2A - FL, GA, AL, MS"	Electricity	1950s	0.000000	0.000000	0.000000	1.000000	0.000000	73	428894	0.00326575
"2A - FL, GA, AL, MS"	Fuel Oil	1950s	0.000000	0.000000	0.000000	1.000000	0.000000	13	35656.8	1.56E-05
"2A - FL, GA, AL, MS"	Natural Gas	1950s	0.000000	0.000000	0.000000	1.000000	0.000000	13	35656.8	0.000390554
"2A - FL, GA, AL, MS"	None	1950s	0.000000	0.000000	0.000000	1.000000	0.000000	15	82034.1	6.10E-05
"2A - FL, GA, AL, MS"	Other Fuel	1950s	0.000000	0.000000	0.000000	1.000000	0.000000	13	35656.8	1.83E-05
"2A - FL, GA, AL, MS"	Propane	1950s	0.000000	0.000000	0.000000	1.000000	0.000000	13	35656.8	6.42E-05
"2A - FL, GA, AL, MS"	Electricity	1960s	0.000000	0.000000	0.000000	1.000000	0.000000	86	505685	0.00432774
"2A - FL, GA, AL, MS"	Fuel Oil	1960s	0.000000	0.000000	0.000000	1.000000	0.000000	13	26385.9	1.63E-05
"2A - FL, GA, AL, MS"	Natural Gas	1960s	0.000000	0.000000	0.000000	1.000000	0.000000	13	26385.9	0.000482418
"2A - FL, GA, AL, MS"	None	1960s	0.000000	0.000000	0.000000	1.000000	0.000000	10	56716.5	7.06E-05
"2A - FL, GA, AL, MS"	Other Fuel	1960s	0.000000	0.000000	0.000000	1.000000	0.000000	13	26385.9	1.83E-05
"2A - FL, GA, AL, MS"	Propane	1960s	0.000000	0.000000	0.000000	1.000000	0.000000	13	26385.9	8.68E-05
"2A - FL, GA, AL, MS"	Electricity	1970s	0.000000	0.000000	0.000000	1.000000	0.000000	153	1.04E+06	0.00949196
"2A - FL, GA, AL, MS"	Fuel Oil	1970s	0.000000	0.000000	0.000000	1.000000	0.000000	19	37784.4	1.46E-05
"2A - FL, GA, AL, MS"	Natural Gas	1970s	0.000000	0.000000	0.000000	1.000000	0.000000	19	37784.4	0.000515461
"2A - FL, GA, AL, MS"	None	1970s	0.000000	0.000000	0.000000	1.000000	0.000000	19	119099	0.000126348
"2A - FL, GA, AL, MS"	Other Fuel	1970s	0.000000	0.000000	0.000000	1.000000	0.000000	19	37784.4	4.15E-05
"2A - FL, GA, AL, MS"	Propane	1970s	0.000000	0.000000	0.000000	1.000000	0.000000	19	37784.4	0.000118232
"2A - FL, GA, AL, MS"	Electricity	1980s	0.000000	0.000000	0.000000	1.000000	0.000000	181	1.15E+06	0.0119333
"2A - FL, GA, AL, MS"	Fuel Oil	1980s	0.000000	0.000000	0.000000	1.000000	0.000000	11	25275.3	1.27E-05
"2A - FL, GA, AL, MS"	Natural Gas	1980s	0.000000	0.000000	0.000000	1.000000	0.000000	11	25275.3	0.000480924
"2A - FL, GA, AL, MS"	None	1980s	0.000000	0.000000	0.000000	1.000000	0.000000	21	126636	0.000155018
"2A - FL, GA, AL, MS"	Other Fuel	1980s	0.000000	0.000000	0.000000	1.000000	0.000000	11	25275.3	4.44E-05
"2A - FL, GA, AL, MS"	Propane	1980s	0.000000	0.000000	0.000000	1.000000	0.000000	11	25275.3	0.000121305
"2A - FL, GA, AL, MS"	Electricity	1990s	0.000000	0.000000	0.000000	1.000000	0.000000	163	1.08E+06	0.0101132
"2A - FL, GA, AL, MS"	Fuel Oil	1990s	0.000000	0.000000	0.000000	1.000000	0.000000	12	27077.8	9.14E-06
"2A - FL, GA, AL, MS"	Natural Gas	1990s	0.000000	0.000000	0.000000	1.000000	0.000000	12	27077.8	0.000625902
"2A - FL, GA, AL, MS"	None	1990s	0.000000	0.000000	0.000000	1.000000	0.000000	13	70500.8	0.000120226
"2A - FL, GA, AL, MS"	Other Fuel	1990s	0.000000	0.000000	0.000000	1.000000	0.000000	12	27077.8	4.26E-05
"2A - FL, GA, AL, MS"	Propane	1990s	0.000000	0.000000	0.000000	1.000000	0.000000	12	27077.8	0.000115614
"2A - FL, GA, AL, MS"	Electricity	2000s	0.000000	0.000000	0.000000	1.000000	0.000000	168	495998	0.0117365
"2A - FL, GA, AL, MS"	Fuel Oil	2000s	0.000000	0.000000	0.000000	1.000000	0.000000	21	21769.1	8.16E-06
"2A - FL, GA, AL, MS"	Natural Gas	2000s	0.000000	0.000000	0.000000	1.000000	0.000000	21	21769.1	0.000893373
"2A - FL, GA, AL, MS"	None	2000s	0.000000	0.000000	0.000000	1.000000	0.000000	17	54228.9	0.000132201
"2A - FL, GA, AL, MS"	Other Fuel	2000s	0.000000	0.000000	0.000000	1.000000	0.000000	21	21769.1	3.37E-05
"2A - FL, GA, AL, MS"	Propane	2000s	0.000000	0.000000	0.000000	1.000000	0.000000	21	21769.1	0.000114437
"2A - FL, GA, AL, MS"	Electricity	2010s	0.000000	0.000000	0.000000	1.000000	0.000000	168	495998	0.00342367
"2A - FL, GA, AL, MS"	Fuel Oil	2010s	0.000000	0.000000	0.000000	1.000000	0.000000	21	21769.1	2.90E-06
"2A - FL, GA, AL, MS"	Natural Gas	2010s	0.000000	0.000000	0.000000	1.000000	0.000000	21	21769.1	0.000258093
"2A - FL, GA, AL, MS"	None	2010s	0.000000	0.000000	0.000000	1.000000	0.000000	17	54228.9	3.84E-05
"2A - FL, GA, AL, MS"	Other Fuel	2010s	0.000000	0.000000	0.000000	1.000000	0.000000	21	21769.1	1.57E-05
"2A - FL, GA, AL, MS"	Propane	2010s	0.000000	0.000000	0.000000	1.000000	0.000000	21	21769.1	4.59E-05
"2A - FL, GA, AL, MS"	Electricity	<1940	0.000000	0.000000	0.000000	1.000000	0.000000	23	132806	0.0011869
"2A - FL, GA, AL, MS"	Fuel Oil	<1940	0.000000	0.000000	0.000000	1.000000	0.000000	5	8110.56	3.42E-06
"2A - FL, GA, AL, MS"	Natural Gas	<1940	0.000000	0.000000	0.000000	1.000000	0.000000	5	8110.56	0.000205618
"2A - FL, GA, AL, MS"	None	<1940	0.000000	0.000000	0.000000	1.000000	0.000000	5	29083.5	2.66E-05
"2A - FL, GA, AL, MS"	Other Fuel	<1940	0.000000	0.000000	0.000000	1.000000	0.000000	5	8110.56	1.41E-05
"2A - FL, GA, AL, MS"	Propane	<1940	0.000000	0.000000	0.000000	1.000000	0.000000	5	8110.56	4.86E-05
"2A - TX, LA"	Electricity	1940s	0.000000	0.000000	0.000000	1.000000	0.000000	6	46501.3	0.000896344
"2A - TX, LA"	Fuel Oil	1940s	0.000000	0.000000	0.000000	1.000000	0.000000	22	53148.9	1.40E-06
"2A - TX, LA"	Natural Gas	1940s	0.000000	0.000000	0.000000	1.000000	0.000000	22	53148.9	0.000841088
"2A - TX, LA"	None	1940s	0.000000	0.000000	0.000000	1.000000	0.000000	1	7009.47	1.03E-05
"2A - TX, LA"	Other Fuel	1940s	0.000000	0.000000	0.000000	1.000000	0.000000	22	53148.9	9.73E-06
"2A - TX, LA"	Propane	1940s	0.000000	0.000000	0.000000	1.000000	0.000000	22	53148.9	5.37E-05
"2A - TX, LA"	Electricity	1950s	0.000000	0.000000	0.000000	1.000000	0.000000	22	217494	0.00188897
"2A - TX, LA"	Fuel Oil	1950s	0.000000	0.000000	0.000000	1.000000	0.000000	29	79553.3	1.95E-06
"2A - TX, LA"	Natural Gas	1950s	0.000000	0.000000	0.000000	1.000000	0.000000	29	79553.3	0.00198804
"2A - TX, LA"	None	1950s	0.000000	0.000000	0.000000	1.000000	0.000000	0	0	1.98E-05
"2A - TX, LA"	Other Fuel	1950s	0.000000	0.000000	0.000000	1.000000	0.000000	29	79553.3	1.59E-05
"2A - TX, LA"	Propane	1950s	0.000000	0.000000	0.000000	1.000000	0.000000	29	79553.3	8.70E-05
"2A - TX, LA"	Electricity	1960s	0.000000	0.000000	0.000000	1.000000	0.000000	33	283756	0.00271819
"2A - TX, LA"	Fuel Oil	1960s	0.000000	0.000000	0.000000	1.000000	0.000000	30	70112.6	3.34E-06
"2A - TX, LA"	Natural Gas	1960s	0.000000	0.000000	0.000000	1.000000	0.000000	30	70112.6	0.00216022
"2A - TX, LA"	None	1960s	0.000000	0.000000	0.000000	1.000000	0.000000	4	39271	2.24E-05
"2A - TX, LA"	Other Fuel	1960s	0.000000	0.000000	0.000000	1.000000	0.000000	30	70112.6	2.26E-05
"2A - TX, LA"	Propane	1960s	0.000000	0.000000	0.000000	1.000000	0.000000	30	70112.6	0.000122538
"2A - TX, LA"	Electricity	1970s	0.000000	0.000000	0.000000	1.000000	0.000000	68	583726	0.00597994
"2A - TX, LA"	Fuel Oil	1970s	0.000000	0.000000	0.000000	1.000000	0.000000	43	101184	6.19E-06
"2A - TX, LA"	Natural Gas	1970s	0.000000	0.000000	0.000000	1.000000	0.000000	43	101184	0.00253613
"2A - TX, LA"	None	1970s	0.000000	0.000000	0.000000	1.000000	0.000000	4	32266	4.22E-05
"2A - TX, LA"	Other Fuel	1970s	0.000000	0.000000	0.000000	1.000000	0.000000	43	101184	3.65E-05
"2A - TX, LA"	Propane	1970s	0.000000	0.000000	0.000000	1.000000	0.000000	43	101184	0.000184568
"2A - TX, LA"	Electricity	1980s	0.000000	0.000000	0.000000	1.000000	0.000000	68	648374	0.00610474
"2A - TX, LA"	Fuel Oil	1980s	0.000000	0.000000	0.000000	1.000000	0.000000	41	98125.4	5.09E-06
"2A - TX, LA"	Natural Gas	1980s	0.000000	0.000000	0.000000	1.000000	0.000000	41	98125.4	0.00206926
"2A - TX, LA"	None	1980s	0.000000	0.000000	0.000000	1.000000	0.000000	4	54063.6	4.19E-05
"2A - TX, LA"	Other Fuel	1980s	0.000000	0.000000	0.000000	1.000000	0.000000	41	98125.4	4.59E-05
"2A - TX, LA"	Propane	1980s	0.000000	0.000000	0.000000	1.000000	0.000000	41	98125.4	0.000217999
"2A - TX, LA"	Electricity	1990s	0.000000	0.000000	0.000000	1.000000	0.000000	51	539994	0.00544857
"2A - TX, LA"	Fuel Oil	1990s	0.000000	0.000000	0.000000	1.000000	0.000000	29	63103.9	4.94E-06
"2A - TX, LA"	Natural Gas	1990s	0.000000	0.000000	0.000000	1.000000	0.000000	29	63103.9	0.00219098
"2A - TX, LA"	None	1990s	0.000000	0.000000	0.000000	1.000000	0.000000	3	24594.1	3.83E-05
"2A - TX, LA"	Other Fuel	1990s	0.000000	0.000000	0.000000	1.000000	0.000000	29	63103.9	3.86E-05
"2A - TX, LA"	Propane	1990s	0.000000	0.000000	0.000000	1.000000	0.000000	29	63103.9	0.00026243
"2A - TX, LA"	Electricity	2000s	0.000000	0.000000	0.000000	1.000000	0.000000	85	406539	0.00688125
"2A - TX, LA"	Fuel Oil	2000s	0.000000	0.000000	0.000000	1.000000	0.000000	44	53499.7	6.00E-06
"2A - TX, LA"	Natural Gas	2000s	0.000000	0.000000	0.000000	1.000000	0.000000	44	53499.7	0.00322641
"2A - TX, LA"	None	2000s	0.000000	0.000000	0.000000	1.000000	0.000000	6	25968	4.48E-05
"2A - TX, LA"	Other Fuel	2000s	0.000000	0.000000	0.000000	1.000000	0.000000	44	53499.7	3.61E-05
"2A - TX, LA"	Propane	2000s	0.000000	0.000000	0.000000	1.000000	0.000000	44	53499.7	0.000295896
"2A - TX, LA"	Electricity	2010s	0.000000	0.000000	0.000000	1.000000	0.000000	85	406539	0.00367213
"2A - TX, LA"	Fuel Oil	2010s	0.000000	0.000000	0.000000	1.000000	0.000000	44	53499.7	3.06E-06
"2A - TX, LA"	Natural Gas	2010s	0.000000	0.000000	0.000000	1.000000	0.000000	44	53499.7	0.00170565
"2A - TX, LA"	None	2010s	0.000000	0.000000	0.000000	1.000000	0.000000	6	25968	2.34E-05
"2A - TX, LA"	Other Fuel	2010s	0.000000	0.000000	0.000000	1.000000	0.000000	44	53499.7	2.00E-05
"2A - TX, LA"	Propane	2010s	0.000000	0.000000	0.000000	1.000000	0.000000	44	53499.7	0.000144891
"2A - TX, LA"	Electricity	<1940	0.000000	0.000000	0.000000	1.000000	0.000000	8	83018.5	0.00109046
"2A - TX, LA"	Fuel Oil	<1940	0.000000	0.000000	0.000000	1.000000	0.000000	15	47939.8	1.49E-06
"2A - TX, LA"	Natural Gas	<1940	0.000000	0.000000	0.000000	1.000000	0.000000	15	47939.8	0.00103233
"2A - TX, LA"	None	<1940	0.000000	0.000000	0.000000	1.000000	0.000000	0	0	1.27E-05
"2A - TX, LA"	Other Fuel	<1940	0.000000	0.000000	0.000000	1.000000	0.000000	15	47939.8	1.79E-05
"2A - TX, LA"	Propane	<1940	0.000000	0.000000	0.000000	1.000000	0.000000	15	47939.8	8.66E-05
2B	Electricity	1940s	0.000000	0.000000	0.000000	1.000000	0.000000	1	5403.9	0.000182055
2B	Fuel Oil	1940s	0.000000	0.000000	0.000000	1.000000	0.000000	1	2636.25	2.26E-08
2B	Natural Gas	1940s	0.000000	0.000000	0.000000	1.000000	0.000000	1	2636.25	0.000140533
2B	None	1940s	0.000000	0.000000	0.000000	1.000000	0.000000	0	0	7.27E-06
2B	Other Fuel	1940s	0.000000	0.000000	0.000000	1.000000	0.000000	1	2636.25	4.07E-06
2B	Propane	1940s	0.000000	0.000000	0.000000	1.000000	0.000000	1	2636.25	5.19E-06
2B	Electricity	1950s	0.000000	0.000000	0.000000	1.000000	0.000000	1	11838.6	0.000601594
2B	Fuel Oil	1950s	0.000000	0.000000	0.000000	1.000000	0.000000	5	12718.4	1.23E-06
2B	Natural Gas	1950s	0.000000	0.000000	0.000000	1.000000	0.000000	5	12718.4	0.000526318
2B	None	1950s	0.000000	0.000000	0.000000	1.000000	0.000000	0	0	1.84E-05
2B	Other Fuel	1950s	0.000000	0.000000	0.000000	1.000000	0.000000	5	12718.4	7.86E-06
2B	Propane	1950s	0.000000	0.000000	0.000000	1.000000	0.000000	5	12718.4	1.40E-05
2B	Electricity	1960s	0.000000	0.000000	0.000000	1.000000	0.000000	7	79080.9	0.000936498
2B	Fuel Oil	1960s	0.000000	0.000000	0.000000	1.000000	0.000000	3	8062.15	1.26E-06
2B	Natural Gas	1960s	0.000000	0.000000	0.000000	1.000000	0.000000	3	8062.15	0.000518361
2B	None	1960s	0.000000	0.000000	0.000000	1.000000	0.000000	1	12280.6	2.07E-05
2B	Other Fuel	1960s	0.000000	0.000000	0.000000	1.000000	0.000000	3	8062.15	1.13E-05
2B	Propane	1960s	0.000000	0.000000	0.000000	1.000000	0.000000	3	8062.15	2.00E-05
2B	Electricity	1970s	0.000000	0.000000	0.000000	1.000000	0.000000	31	275549	0.0024193
2B	Fuel Oil	1970s	0.000000	0.000000	0.000000	1.000000	0.000000	13	35354.8	1.80E-06
2B	Natural Gas	1970s	0.000000	0.000000	0.000000	1.000000	0.000000	13	35354.8	0.000748539
2B	None	1970s	0.000000	0.000000	0.000000	1.000000	0.000000	3	22906.2	4.70E-05
2B	Other Fuel	1970s	0.000000	0.000000	0.000000	1.000000	0.000000	13	35354.8	3.14E-05
2B	Propane	1970s	0.000000	0.000000	0.000000	1.000000	0.000000	13	35354.8	3.86E-05
2B	Electricity	1980s	0.000000	0.000000	0.000000	1.000000	0.000000	36	384980	0.00282699
2B	Fuel Oil	1980s	0.000000	0.000000	0.000000	1.000000	0.000000	6	15681	2.09E-06
2B	Natural Gas	1980s	0.000000	0.000000	0.000000	1.000000	0.000000	6	15681	0.000479656
2B	None	1980s	0.000000	0.000000	0.000000	1.000000	0.000000	0	0	4.29E-05
2B	Other Fuel	1980s	0.000000	0.000000	0.000000	1.000000	0.000000	6	15681	3.06E-05
2B	Propane	1980s	0.000000	0.000000	0.000000	1.000000	0.000000	6	15681	5.00E-05
2B	Electricity	1990s	0.000000	0.000000	0.000000	1.000000	0.000000	29	295549	0.00258032
2B	Fuel Oil	1990s	0.000000	0.000000	0.000000	1.000000	0.000000	17	46624.6	2.47E-06
2B	Natural Gas	1990s	0.000000	0.000000	0.000000	1.000000	0.000000	17	46624.6	0.00118723
2B	None	1990s	0.000000	0.000000	0.000000	1.000000	0.000000	6	61924.2	4.56E-05
2B	Other Fuel	1990s	0.000000	0.000000	0.000000	1.000000	0.000000	17	46624.6	3.12E-05
2B	Propane	1990s	0.000000	0.000000	0.000000	1.000000	0.000000	17	46624.6	7.95E-05
2B	Electricity	2000s	0.000000	0.000000	0.000000	1.000000	0.000000	27	139224	0.00271936
2B	Fuel Oil	2000s	0.000000	0.000000	0.000000	1.000000	0.000000	17	23267.8	2.00E-06
2B	Natural Gas	2000s	0.000000	0.000000	0.000000	1.000000	0.000000	17	23267.8	0.00176082
2B	None	2000s	0.000000	0.000000	0.000000	1.000000	0.000000	2	10214.1	4.51E-05
2B	Other Fuel	2000s	0.000000	0.000000	0.000000	1.000000	0.000000	17	23267.8	4.97E-05
2B	Propane	2000s	0.000000	0.000000	0.000000	1.000000	0.000000	17	23267.8	8.95E-05
2B	Electricity	2010s	0.000000	0.000000	0.000000	1.000000	0.000000	27	139224	0.000772519
2B	Fuel Oil	2010s	0.000000	0.000000	0.000000	1.000000	0.000000	17	23267.8	8.93E-07
2B	Natural Gas	2010s	0.000000	0.000000	0.000000	1.000000	0.000000	17	23267.8	0.000430794
2B	None	2010s	0.000000	0.000000	0.000000	1.000000	0.000000	2	10214.1	1.14E-05
2B	Other Fuel	2010s	0.000000	0.000000	0.000000	1.000000	0.000000	17	23267.8	1.65E-05
2B	Propane	2010s	0.000000	0.000000	0.000000	1.000000	0.000000	17	23267.8	2.52E-05
2B	Electricity	<1940	0.000000	0.000000	0.000000	1.000000	0.000000	2	18709.4	0.000153472
2B	Fuel Oil	<1940	0.000000	0.000000	0.000000	1.000000	0.000000	1	1804.35	9.52E-08
2B	Natural Gas	<1940	0.000000	0.000000	0.000000	1.000000	0.000000	1	1804.35	0.000105387
2B	None	<1940	0.000000	0.000000	0.000000	1.000000	0.000000	0	0	8.62E-06
2B	Other Fuel	<1940	0.000000	0.000000	0.000000	1.000000	0.000000	1	1804.35	6.89E-06
2B	Propane	<1940	0.000000	0.000000	0.000000	1.000000	0.000000	1	1804.35	7.80E-06
3A	Electricity	1940s	0.000000	0.000000	0.000000	1.000000	0.000000	13	124099	0.00190177
3A	Fuel Oil	1940s	0.000000	0.000000	0.000000	1.000000	0.000000	26	69047.1	4.03E-05
3A	Natural Gas	1940s	0.000000	0.000000	0.000000	1.000000	0.000000	26	69047.1	0.00235501
3A	None	1940s	0.000000	0.000000	0.000000	1.000000	0.000000	0	0	1.76E-05
3A	Other Fuel	1940s	0.000000	0.000000	0.000000	1.000000	0.000000	26	69047.1	7.88E-05
3A	Propane	1940s	0.000000	0.000000	0.000000	1.000000	0.000000	26	69047.1	0.000328989
3A	Electricity	1950s	0.000000	0.000000	0.000000	1.000000	0.000000	35	389233	0.00422108
3A	Fuel Oil	1950s	0.000000	0.000000	0.000000	1.000000	0.000000	58	153976	9.16E-05
3A	Natural Gas	1950s	0.000000	0.000000	0.000000	1.000000	0.000000	58	153976	0.00538493
3A	None	1950s	0.000000	0.000000	0.000000	1.000000	0.000000	0	0	3.99E-05
3A	Other Fuel	1950s	0.000000	0.000000	0.000000	1.000000	0.000000	58	153976	0.000129601
3A	Propane	1950s	0.000000	0.000000	0.000000	1.000000	0.000000	58	153976	0.000602976
3A	Electricity	1960s	0.000000	0.000000	0.000000	1.000000	0.000000	61	691968	0.00644435
3A	Fuel Oil	1960s	0.000000	0.000000	0.000000	1.000000	0.000000	76	240330	8.97E-05
3A	Natural Gas	1960s	0.000000	0.000000	0.000000	1.000000	0.000000	76	240330	0.00582716
3A	None	1960s	0.000000	0.000000	0.000000	1.000000	0.000000	2	22692	3.97E-05
3A	Other Fuel	1960s	0.000000	0.000000	0.000000	1.000000	0.000000	76	240330	0.000178373
3A	Propane	1960s	0.000000	0.000000	0.000000	1.000000	0.000000	76	240330	0.000822198
3A	Electricity	1970s	0.000000	0.000000	0.000000	1.000000	0.000000	91	1.01E+06	0.0127065
3A	Fuel Oil	1970s	0.000000	0.000000	0.000000	1.000000	0.000000	82	236055	0.0001047
3A	Natural Gas	1970s	0.000000	0.000000	0.000000	1.000000	0.000000	82	236055	0.0065714
3A	None	1970s	0.000000	0.000000	0.000000	1.000000	0.000000	0	0	7.00E-05
3A	Other Fuel	1970s	0.000000	0.000000	0.000000	1.000000	0.000000	82	236055	0.000322267
3A	Propane	1970s	0.000000	0.000000	0.000000	1.000000	0.000000	82	236055	0.00125351
3A	Electricity	1980s	0.000000	0.000000	0.000000	1.000000	0.000000	137	1.50E+06	0.0140134
3A	Fuel Oil	1980s	0.000000	0.000000	0.000000	1.000000	0.000000	98	271824	6.59E-05
3A	Natural Gas	1980s	0.000000	0.000000	0.000000	1.000000	0.000000	98	271824	0.00585843
3A	None	1980s	0.000000	0.000000	0.000000	1.000000	0.000000	1	6442.28	7.55E-05
3A	Other Fuel	1980s	0.000000	0.000000	0.000000	1.000000	0.000000	98	271824	0.00030704
3A	Propane	1980s	0.000000	0.000000	0.000000	1.000000	0.000000	98	271824	0.00116736
3A	Electricity	1990s	0.000000	0.000000	0.000000	1.000000	0.000000	132	1.62E+06	0.0149314
3A	Fuel Oil	1990s	0.000000	0.000000	0.000000	1.000000	0.000000	116	302120	5.01E-05
3A	Natural Gas	1990s	0.000000	0.000000	0.000000	1.000000	0.000000	116	302120	0.006831
3A	None	1990s	0.000000	0.000000	0.000000	1.000000	0.000000	0	0	9.05E-05
3A	Other Fuel	1990s	0.000000	0.000000	0.000000	1.000000	0.000000	116	302120	0.000230901
3A	Propane	1990s	0.000000	0.000000	0.000000	1.000000	0.000000	116	302120	0.00130933
3A	Electricity	2000s	0.000000	0.000000	0.000000	1.000000	0.000000	154	835773	0.0152509
3A	Fuel Oil	2000s	0.000000	0.000000	0.000000	1.000000	0.000000	106	137509	3.06E-05
3A	Natural Gas	2000s	0.000000	0.000000	0.000000	1.000000	0.000000	106	137509	0.00723973
3A	None	2000s	0.000000	0.000000	0.000000	1.000000	0.000000	0	0	8.00E-05
3A	Other Fuel	2000s	0.000000	0.000000	0.000000	1.000000	0.000000	106	137509	0.000160076
3A	Propane	2000s	0.000000	0.000000	0.000000	1.000000	0.000000	106	137509	0.000886244
3A	Electricity	2010s	0.000000	0.000000	0.000000	1.000000	0.000000	154	835773	0.00648833
3A	Fuel Oil	2010s	0.000000	0.000000	0.000000	1.000000	0.000000	106	137509	8.81E-06
3A	Natural Gas	2010s	0.000000	0.000000	0.000000	1.000000	0.000000	106	137509	0.00252391
3A	None	2010s	0.000000	0.000000	0.000000	1.000000	0.000000	0	0	3.48E-05
3A	Other Fuel	2010s	0.000000	0.000000	0.000000	1.000000	0.000000	106	137509	6.17E-05
3A	Propane	2010s	0.000000	0.000000	0.000000	1.000000	0.000000	106	137509	0.000273313
3A	Electricity	<1940	0.000000	0.000000	0.000000	1.000000	0.000000	14	174493	0.00248295
3A	Fuel Oil	<1940	0.000000	0.000000	0.000000	1.000000	0.000000	32	105032	6.07E-05
3A	Natural Gas	<1940	0.000000	0.000000	0.000000	1.000000	0.000000	32	105032	0.0030274
3A	None	<1940	0.000000	0.000000	0.000000	1.000000	0.000000	1	8257.31	3.18E-05
3A	Other Fuel	<1940	0.000000	0.000000	0.000000	1.000000	0.000000	32	105032	0.000155252
3A	Propane	<1940	0.000000	0.000000	0.000000	1.000000	0.000000	32	105032	0.000538171
3B	Electricity	1940s	0.000000	0.000000	0.000000	1.000000	0.000000	16	106988	0.00115378
3B	Fuel Oil	1940s	0.000000	0.000000	0.000000	1.000000	0.000000	41	71956.8	7.19E-06
3B	Natural Gas	1940s	0.000000	0.000000	0.000000	1.000000	0.000000	41	71956.8	0.00344093
3B	None	1940s	0.000000	0.000000	0.000000	1.000000	0.000000	10	65935.2	0.000262096
3B	Other Fuel	1940s	0.000000	0.000000	0.000000	1.000000	0.000000	41	71956.8	8.74E-05
3B	Propane	1940s	0.000000	0.000000	0.000000	1.000000	0.000000	41	71956.8	9.69E-05
3B	Electricity	1950s	0.000000	0.000000	0.000000	1.000000	0.000000	47	323203	0.00262281
3B	Fuel Oil	1950s	0.000000	0.000000	0.000000	1.000000	0.000000	170	318608	1.33E-05
3B	Natural Gas	1950s	0.000000	0.000000	0.000000	1.000000	0.000000	170	318608	0.00853804
3B	None	1950s	0.000000	0.000000	0.000000	1.000000	0.000000	41	284083	0.000452285
3B	Other Fuel	1950s	0.000000	0.000000	0.000000	1.000000	0.000000	170	318608	0.000196876
3B	Propane	1950s	0.000000	0.000000	0.000000	1.000000	0.000000	170	318608	0.000208466
3B	Electricity	1960s	0.000000	0.000000	0.000000	1.000000	0.000000	53	392575	0.00326399
3B	Fuel Oil	1960s	0.000000	0.000000	0.000000	1.000000	0.000000	131	241826	1.20E-05
3B	Natural Gas	1960s	0.000000	0.000000	0.000000	1.000000	0.000000	131	241826	0.0072932
3B	None	1960s	0.000000	0.000000	0.000000	1.000000	0.000000	39	256469	0.000466147
3B	Other Fuel	1960s	0.000000	0.000000	0.000000	1.000000	0.000000	131	241826	0.000182849
3B	Propane	1960s	0.000000	0.000000	0.000000	1.000000	0.000000	131	241826	0.000233743
3B	Electricity	1970s	0.000000	0.000000	0.000000	1.000000	0.000000	75	525278	0.00527638
3B	Fuel Oil	1970s	0.000000	0.000000	0.000000	1.000000	0.000000	197	372652	2.35E-05
3B	Natural Gas	1970s	0.000000	0.000000	0.000000	1.000000	0.000000	197	372652	0.00918414
3B	None	1970s	0.000000	0.000000	0.000000	1.000000	0.000000	48	354114	0.000455443
3B	Other Fuel	1970s	0.000000	0.000000	0.000000	1.000000	0.000000	197	372652	0.000339158
3B	Propane	1970s	0.000000	0.000000	0.000000	1.000000	0.000000	197	372652	0.000438819
3B	Electricity	1980s	0.000000	0.000000	0.000000	1.000000	0.000000	62	463468	0.00484752
3B	Fuel Oil	1980s	0.000000	0.000000	0.000000	1.000000	0.000000	131	253604	2.02E-05
3B	Natural Gas	1980s	0.000000	0.000000	0.000000	1.000000	0.000000	131	253604	0.00852099
3B	None	1980s	0.000000	0.000000	0.000000	1.000000	0.000000	30	204367	0.000357574
3B	Other Fuel	1980s	0.000000	0.000000	0.000000	1.000000	0.000000	131	253604	0.000296869
3B	Propane	1980s	0.000000	0.000000	0.000000	1.000000	0.000000	131	253604	0.000488802
3B	Electricity	1990s	0.000000	0.000000	0.000000	1.000000	0.000000	56	420209	0.00378233
3B	Fuel Oil	1990s	0.000000	0.000000	0.000000	1.000000	0.000000	125	229603	1.77E-05
3B	Natural Gas	1990s	0.000000	0.000000	0.000000	1.000000	0.000000	125	229603	0.00717561
3B	None	1990s	0.000000	0.000000	0.000000	1.000000	0.000000	8	66792	0.000221167
3B	Other Fuel	1990s	0.000000	0.000000	0.000000	1.000000	0.000000	125	229603	0.000230418
3B	Propane	1990s	0.000000	0.000000	0.000000	1.000000	0.000000	125	229603	0.000483575
3B	Electricity	2000s	0.000000	0.000000	0.000000	1.000000	0.000000	41	164815	0.0036661
3B	Fuel Oil	2000s	0.000000	0.000000	0.000000	1.000000	0.000000	95	91318.8	1.43E-05
3B	Natural Gas	2000s	0.000000	0.000000	0.000000	1.000000	0.000000	95	91318.8	0.00793438
3B	None	2000s	0.000000	0.000000	0.000000	1.000000	0.000000	8	26592.9	0.000159638
3B	Other Fuel	2000s	0.000000	0.000000	0.000000	1.000000	0.000000	95	91318.8	0.000231852
3B	Propane	2000s	0.000000	0.000000	0.000000	1.000000	0.000000	95	91318.8	0.000531109
3B	Electricity	2010s	0.000000	0.000000	0.000000	1.000000	0.000000	41	164815	0.00144176
3B	Fuel Oil	2010s	0.000000	0.000000	0.000000	1.000000	0.000000	95	91318.8	4.88E-06
3B	Natural Gas	2010s	0.000000	0.000000	0.000000	1.000000	0.000000	95	91318.8	0.00215795
3B	None	2010s	0.000000	0.000000	0.000000	1.000000	0.000000	8	26592.9	6.35E-05
3B	Other Fuel	2010s	0.000000	0.000000	0.000000	1.000000	0.000000	95	91318.8	8.33E-05
3B	Propane	2010s	0.000000	0.000000	0.000000	1.000000	0.000000	95	91318.8	0.00010181
3B	Electricity	<1940	0.000000	0.000000	0.000000	1.000000	0.000000	12	92337.9	0.0014656
3B	Fuel Oil	<1940	0.000000	0.000000	0.000000	1.000000	0.000000	68	126822	1.17E-05
3B	Natural Gas	<1940	0.000000	0.000000	0.000000	1.000000	0.000000	68	126822	0.00426754
3B	None	<1940	0.000000	0.000000	0.000000	1.000000	0.000000	19	137069	0.000417757
3B	Other Fuel	<1940	0.000000	0.000000	0.000000	1.000000	0.000000	68	126822	0.00011245
3B	Propane	<1940	0.000000	0.000000	0.000000	1.000000	0.000000	68	126822	0.000140247
3C	Electricity	1940s	0.000000	0.000000	0.000000	1.000000	0.000000	2	17519.6	0.000276754
3C	Fuel Oil	1940s	0.000000	0.000000	0.000000	1.000000	0.000000	17	37883.7	4.07E-06
3C	Natural Gas	1940s	0.000000	0.000000	0.000000	1.000000	0.000000	17	37883.7	0.00102525
3C	None	1940s	0.000000	0.000000	0.000000	1.000000	0.000000	1	6596.35	4.68E-05
3C	Other Fuel	1940s	0.000000	0.000000	0.000000	1.000000	0.000000	17	37883.7	3.33E-05
3C	Propane	1940s	0.000000	0.000000	0.000000	1.000000	0.000000	17	37883.7	3.82E-05
3C	Electricity	1950s	0.000000	0.000000	0.000000	1.000000	0.000000	9	69891.7	0.000590782
3C	Fuel Oil	1950s	0.000000	0.000000	0.000000	1.000000	0.000000	35	71754.8	5.95E-06
3C	Natural Gas	1950s	0.000000	0.000000	0.000000	1.000000	0.000000	35	71754.8	0.00227498
3C	None	1950s	0.000000	0.000000	0.000000	1.000000	0.000000	3	21657.1	8.06E-05
3C	Other Fuel	1950s	0.000000	0.000000	0.000000	1.000000	0.000000	35	71754.8	5.02E-05
3C	Propane	1950s	0.000000	0.000000	0.000000	1.000000	0.000000	35	71754.8	6.23E-05
3C	Electricity	1960s	0.000000	0.000000	0.000000	1.000000	0.000000	12	91121.8	0.00087891
3C	Fuel Oil	1960s	0.000000	0.000000	0.000000	1.000000	0.000000	49	97839	5.89E-06
3C	Natural Gas	1960s	0.000000	0.000000	0.000000	1.000000	0.000000	49	97839	0.00247356
3C	None	1960s	0.000000	0.000000	0.000000	1.000000	0.000000	7	57799.4	9.80E-05
3C	Other Fuel	1960s	0.000000	0.000000	0.000000	1.000000	0.000000	49	97839	5.71E-05
3C	Propane	1960s	0.000000	0.000000	0.000000	1.000000	0.000000	49	97839	7.38E-05
3C	Electricity	1970s	0.000000	0.000000	0.000000	1.000000	0.000000	16	125552	0.0012685
3C	Fuel Oil	1970s	0.000000	0.000000	0.000000	1.000000	0.000000	43	87915	8.73E-06
3C	Natural Gas	1970s	0.000000	0.000000	0.000000	1.000000	0.000000	43	87915	0.00262554
3C	None	1970s	0.000000	0.000000	0.000000	1.000000	0.000000	7	54596.1	9.86E-05
3C	Other Fuel	1970s	0.000000	0.000000	0.000000	1.000000	0.000000	43	87915	9.21E-05
3C	Propane	1970s	0.000000	0.000000	0.000000	1.000000	0.000000	43	87915	0.00011795
3C	Electricity	1980s	0.000000	0.000000	0.000000	1.000000	0.000000	14	106471	0.000888824
3C	Fuel Oil	1980s	0.000000	0.000000	0.000000	1.000000	0.000000	37	75531.5	6.28E-06
3C	Natural Gas	1980s	0.000000	0.000000	0.000000	1.000000	0.000000	37	75531.5	0.00186185
3C	None	1980s	0.000000	0.000000	0.000000	1.000000	0.000000	3	24465.6	6.75E-05
3C	Other Fuel	1980s	0.000000	0.000000	0.000000	1.000000	0.000000	37	75531.5	7.03E-05
3C	Propane	1980s	0.000000	0.000000	0.000000	1.000000	0.000000	37	75531.5	0.000117052
3C	Electricity	1990s	0.000000	0.000000	0.000000	1.000000	0.000000	9	72585.5	0.000664725
3C	Fuel Oil	1990s	0.000000	0.000000	0.000000	1.000000	0.000000	24	48021.7	3.69E-06
3C	Natural Gas	1990s	0.000000	0.000000	0.000000	1.000000	0.000000	24	48021.7	0.00133897
3C	None	1990s	0.000000	0.000000	0.000000	1.000000	0.000000	3	24414.2	4.35E-05
3C	Other Fuel	1990s	0.000000	0.000000	0.000000	1.000000	0.000000	24	48021.7	4.38E-05
3C	Propane	1990s	0.000000	0.000000	0.000000	1.000000	0.000000	24	48021.7	0.000103217
3C	Electricity	2000s	0.000000	0.000000	0.000000	1.000000	0.000000	9	34471.1	0.000633233
3C	Fuel Oil	2000s	0.000000	0.000000	0.000000	1.000000	0.000000	18	17543.7	1.87E-06
3C	Natural Gas	2000s	0.000000	0.000000	0.000000	1.000000	0.000000	18	17543.7	0.00112207
3C	None	2000s	0.000000	0.000000	0.000000	1.000000	0.000000	2	8423.3	3.94E-05
3C	Other Fuel	2000s	0.000000	0.000000	0.000000	1.000000	0.000000	18	17543.7	3.70E-05
3C	Propane	2000s	0.000000	0.000000	0.000000	1.000000	0.000000	18	17543.7	8.69E-05
3C	Electricity	2010s	0.000000	0.000000	0.000000	1.000000	0.000000	9	34471.1	0.000349771
3C	Fuel Oil	2010s	0.000000	0.000000	0.000000	1.000000	0.000000	18	17543.7	5.31E-07
3C	Natural Gas	2010s	0.000000	0.000000	0.000000	1.000000	0.000000	18	17543.7	0.000407323
3C	None	2010s	0.000000	0.000000	0.000000	1.000000	0.000000	2	8423.3	2.12E-05
3C	Other Fuel	2010s	0.000000	0.000000	0.000000	1.000000	0.000000	18	17543.7	1.71E-05
3C	Propane	2010s	0.000000	0.000000	0.000000	1.000000	0.000000	18	17543.7	2.59E-05
3C	Electricity	<1940	0.000000	0.000000	0.000000	1.000000	0.000000	10	80722.8	0.000700735
3C	Fuel Oil	<1940	0.000000	0.000000	0.000000	1.000000	0.000000	36	74608.1	6.39E-06
3C	Natural Gas	<1940	0.000000	0.000000	0.000000	1.000000	0.000000	36	74608.1	0.00233344
3C	None	<1940	0.000000	0.000000	0.000000	1.000000	0.000000	2	16525.8	0.000142427
3C	Other Fuel	<1940	0.000000	0.000000	0.000000	1.000000	0.000000	36	74608.1	8.74E-05
3C	Propane	<1940	0.000000	0.000000	0.000000	1.000000	0.000000	36	74608.1	8.18E-05
4A	Electricity	1940s	0.000000	0.000000	0.000000	1.000000	0.000000	22	199175	0.00282732
4A	Fuel Oil	1940s	0.000000	0.000000	0.000000	1.000000	0.000000	132	312792	0.00155142
4A	Natural Gas	1940s	0.000000	0.000000	0.000000	1.000000	0.000000	132	312792	0.00767342
4A	None	1940s	0.000000	0.000000	0.000000	1.000000	0.000000	0	0	9.92E-05
4A	Other Fuel	1940s	0.000000	0.000000	0.000000	1.000000	0.000000	132	312792	0.000309536
4A	Propane	1940s	0.000000	0.000000	0.000000	1.000000	0.000000	132	312792	0.000526968
4A	Electricity	1950s	0.000000	0.000000	0.000000	1.000000	0.000000	62	544004	0.00538294
4A	Fuel Oil	1950s	0.000000	0.000000	0.000000	1.000000	0.000000	280	615603	0.00337614
4A	Natural Gas	1950s	0.000000	0.000000	0.000000	1.000000	0.000000	280	615603	0.0146315
4A	None	1950s	0.000000	0.000000	0.000000	1.000000	0.000000	0	0	0.000149542
4A	Other Fuel	1950s	0.000000	0.000000	0.000000	1.000000	0.000000	280	615603	0.000475345
4A	Propane	1950s	0.000000	0.000000	0.000000	1.000000	0.000000	280	615603	0.000915722
4A	Electricity	1960s	0.000000	0.000000	0.000000	1.000000	0.000000	68	671121	0.00731603
4A	Fuel Oil	1960s	0.000000	0.000000	0.000000	1.000000	0.000000	243	527909	0.00235307
4A	Natural Gas	1960s	0.000000	0.000000	0.000000	1.000000	0.000000	243	527909	0.0130928
4A	None	1960s	0.000000	0.000000	0.000000	1.000000	0.000000	0	0	0.000181097
4A	Other Fuel	1960s	0.000000	0.000000	0.000000	1.000000	0.000000	243	527909	0.000524917
4A	Propane	1960s	0.000000	0.000000	0.000000	1.000000	0.000000	243	527909	0.00100873
4A	Electricity	1970s	0.000000	0.000000	0.000000	1.000000	0.000000	178	1.62E+06	0.0138143
4A	Fuel Oil	1970s	0.000000	0.000000	0.000000	1.000000	0.000000	215	480253	0.00205665
4A	Natural Gas	1970s	0.000000	0.000000	0.000000	1.000000	0.000000	215	480253	0.0105883
4A	None	1970s	0.000000	0.000000	0.000000	1.000000	0.000000	0	0	0.000169057
4A	Other Fuel	1970s	0.000000	0.000000	0.000000	1.000000	0.000000	215	480253	0.00083598
4A	Propane	1970s	0.000000	0.000000	0.000000	1.000000	0.000000	215	480253	0.00145614
4A	Electricity	1980s	0.000000	0.000000	0.000000	1.000000	0.000000	163	1.71E+06	0.0143002
4A	Fuel Oil	1980s	0.000000	0.000000	0.000000	1.000000	0.000000	158	390953	0.000928319
4A	Natural Gas	1980s	0.000000	0.000000	0.000000	1.000000	0.000000	158	390953	0.00852571
4A	None	1980s	0.000000	0.000000	0.000000	1.000000	0.000000	0	0	0.000121246
4A	Other Fuel	1980s	0.000000	0.000000	0.000000	1.000000	0.000000	158	390953	0.000709936
4A	Propane	1980s	0.000000	0.000000	0.000000	1.000000	0.000000	158	390953	0.00132759
4A	Electricity	1990s	0.000000	0.000000	0.000000	1.000000	0.000000	182	1.90E+06	0.0137082
4A	Fuel Oil	1990s	0.000000	0.000000	0.000000	1.000000	0.000000	199	494704	0.00064543
4A	Natural Gas	1990s	0.000000	0.000000	0.000000	1.000000	0.000000	199	494704	0.010875
4A	None	1990s	0.000000	0.000000	0.000000	1.000000	0.000000	0	0	0.000127299
4A	Other Fuel	1990s	0.000000	0.000000	0.000000	1.000000	0.000000	199	494704	0.000636521
4A	Propane	1990s	0.000000	0.000000	0.000000	1.000000	0.000000	199	494704	0.0019886
4A	Electricity	2000s	0.000000	0.000000	0.000000	1.000000	0.000000	170	756433	0.012888
4A	Fuel Oil	2000s	0.000000	0.000000	0.000000	1.000000	0.000000	218	275700	0.000418031
4A	Natural Gas	2000s	0.000000	0.000000	0.000000	1.000000	0.000000	218	275700	0.0106027
4A	None	2000s	0.000000	0.000000	0.000000	1.000000	0.000000	0	0	0.000115322
4A	Other Fuel	2000s	0.000000	0.000000	0.000000	1.000000	0.000000	218	275700	0.000512939
4A	Propane	2000s	0.000000	0.000000	0.000000	1.000000	0.000000	218	275700	0.00172241
4A	Electricity	2010s	0.000000	0.000000	0.000000	1.000000	0.000000	170	756433	0.00574351
4A	Fuel Oil	2010s	0.000000	0.000000	0.000000	1.000000	0.000000	218	275700	7.78E-05
4A	Natural Gas	2010s	0.000000	0.000000	0.000000	1.000000	0.000000	218	275700	0.00363802
4A	None	2010s	0.000000	0.000000	0.000000	1.000000	0.000000	0	0	5.67E-05
4A	Other Fuel	2010s	0.000000	0.000000	0.000000	1.000000	0.000000	218	275700	0.000177641
4A	Propane	2010s	0.000000	0.000000	0.000000	1.000000	0.000000	218	275700	0.000424099
4A	Electricity	<1940	0.000000	0.000000	0.000000	1.000000	0.000000	57	613603	0.00618781
4A	Fuel Oil	<1940	0.000000	0.000000	0.000000	1.000000	0.000000	356	851973	0.00471528
4A	Natural Gas	<1940	0.000000	0.000000	0.000000	1.000000	0.000000	356	851973	0.0214572
4A	None	<1940	0.000000	0.000000	0.000000	1.000000	0.000000	0	0	0.000269497
4A	Other Fuel	<1940	0.000000	0.000000	0.000000	1.000000	0.000000	356	851973	0.000939102
4A	Propane	<1940	0.000000	0.000000	0.000000	1.000000	0.000000	356	851973	0.00150281
4B	Electricity	1940s	0.000000	0.000000	0.000000	1.000000	0.000000	16	8052.84	7.64E-05
4B	Fuel Oil	1940s	0.000000	0.000000	0.000000	1.000000	0.000000	41	5416.1	4.38E-06
4B	Natural Gas	1940s	0.000000	0.000000	0.000000	1.000000	0.000000	41	5416.1	0.000232238
4B	None	1940s	0.000000	0.000000	0.000000	1.000000	0.000000	10	4962.86	2.37E-06
4B	Other Fuel	1940s	0.000000	0.000000	0.000000	1.000000	0.000000	41	5416.1	2.53E-05
4B	Propane	1940s	0.000000	0.000000	0.000000	1.000000	0.000000	41	5416.1	2.56E-05
4B	Electricity	1950s	0.000000	0.000000	0.000000	1.000000	0.000000	47	24327.1	0.000165779
4B	Fuel Oil	1950s	0.000000	0.000000	0.000000	1.000000	0.000000	170	23981.3	8.39E-06
4B	Natural Gas	1950s	0.000000	0.000000	0.000000	1.000000	0.000000	170	23981.3	0.000553702
4B	None	1950s	0.000000	0.000000	0.000000	1.000000	0.000000	41	21382.6	2.91E-06
4B	Other Fuel	1950s	0.000000	0.000000	0.000000	1.000000	0.000000	170	23981.3	4.09E-05
4B	Propane	1950s	0.000000	0.000000	0.000000	1.000000	0.000000	170	23981.3	4.53E-05
4B	Electricity	1960s	0.000000	0.000000	0.000000	1.000000	0.000000	53	29548.6	0.00020232
4B	Fuel Oil	1960s	0.000000	0.000000	0.000000	1.000000	0.000000	131	18202	8.04E-06
4B	Natural Gas	1960s	0.000000	0.000000	0.000000	1.000000	0.000000	131	18202	0.000521943
4B	None	1960s	0.000000	0.000000	0.000000	1.000000	0.000000	39	19304.1	3.38E-06
4B	Other Fuel	1960s	0.000000	0.000000	0.000000	1.000000	0.000000	131	18202	6.39E-05
4B	Propane	1960s	0.000000	0.000000	0.000000	1.000000	0.000000	131	18202	8.05E-05
4B	Electricity	1970s	0.000000	0.000000	0.000000	1.000000	0.000000	75	39537.1	0.000389499
4B	Fuel Oil	1970s	0.000000	0.000000	0.000000	1.000000	0.000000	197	28049	1.26E-05
4B	Natural Gas	1970s	0.000000	0.000000	0.000000	1.000000	0.000000	197	28049	0.000739602
4B	None	1970s	0.000000	0.000000	0.000000	1.000000	0.000000	48	26653.7	4.03E-06
4B	Other Fuel	1970s	0.000000	0.000000	0.000000	1.000000	0.000000	197	28049	0.000146438
4B	Propane	1970s	0.000000	0.000000	0.000000	1.000000	0.000000	197	28049	0.000146867
4B	Electricity	1980s	0.000000	0.000000	0.000000	1.000000	0.000000	62	34884.7	0.000345751
4B	Fuel Oil	1980s	0.000000	0.000000	0.000000	1.000000	0.000000	131	19088.5	8.66E-06
4B	Natural Gas	1980s	0.000000	0.000000	0.000000	1.000000	0.000000	131	19088.5	0.000587356
4B	None	1980s	0.000000	0.000000	0.000000	1.000000	0.000000	30	15382.5	4.14E-06
4B	Other Fuel	1980s	0.000000	0.000000	0.000000	1.000000	0.000000	131	19088.5	0.000148541
4B	Propane	1980s	0.000000	0.000000	0.000000	1.000000	0.000000	131	19088.5	0.000160214
4B	Electricity	1990s	0.000000	0.000000	0.000000	1.000000	0.000000	56	31628.6	0.00028082
4B	Fuel Oil	1990s	0.000000	0.000000	0.000000	1.000000	0.000000	125	17281.9	6.05E-06
4B	Natural Gas	1990s	0.000000	0.000000	0.000000	1.000000	0.000000	125	17281.9	0.000590531
4B	None	1990s	0.000000	0.000000	0.000000	1.000000	0.000000	8	5027.35	2.39E-06
4B	Other Fuel	1990s	0.000000	0.000000	0.000000	1.000000	0.000000	125	17281.9	0.000102345
4B	Propane	1990s	0.000000	0.000000	0.000000	1.000000	0.000000	125	17281.9	0.000200176
4B	Electricity	2000s	0.000000	0.000000	0.000000	1.000000	0.000000	41	12405.4	0.000297055
4B	Fuel Oil	2000s	0.000000	0.000000	0.000000	1.000000	0.000000	95	6873.45	4.08E-06
4B	Natural Gas	2000s	0.000000	0.000000	0.000000	1.000000	0.000000	95	6873.45	0.000568221
4B	None	2000s	0.000000	0.000000	0.000000	1.000000	0.000000	8	2001.61	2.15E-06
4B	Other Fuel	2000s	0.000000	0.000000	0.000000	1.000000	0.000000	95	6873.45	7.48E-05
4B	Propane	2000s	0.000000	0.000000	0.000000	1.000000	0.000000	95	6873.45	0.000177853
4B	Electricity	2010s	0.000000	0.000000	0.000000	1.000000	0.000000	41	12405.4	0.00011864
4B	Fuel Oil	2010s	0.000000	0.000000	0.000000	1.000000	0.000000	95	6873.45	3.10E-07
4B	Natural Gas	2010s	0.000000	0.000000	0.000000	1.000000	0.000000	95	6873.45	0.000143589
4B	None	2010s	0.000000	0.000000	0.000000	1.000000	0.000000	8	2001.61	1.45E-06
4B	Other Fuel	2010s	0.000000	0.000000	0.000000	1.000000	0.000000	95	6873.45	1.06E-05
4B	Propane	2010s	0.000000	0.000000	0.000000	1.000000	0.000000	95	6873.45	2.14E-05
4B	Electricity	<1940	0.000000	0.000000	0.000000	1.000000	0.000000	12	6950.16	8.72E-05
4B	Fuel Oil	<1940	0.000000	0.000000	0.000000	1.000000	0.000000	68	9545.78	6.43E-06
4B	Natural Gas	<1940	0.000000	0.000000	0.000000	1.000000	0.000000	68	9545.78	0.00023423
4B	None	<1940	0.000000	0.000000	0.000000	1.000000	0.000000	19	10317	3.21E-06
4B	Other Fuel	<1940	0.000000	0.000000	0.000000	1.000000	0.000000	68	9545.78	4.67E-05
4B	Propane	<1940	0.000000	0.000000	0.000000	1.000000	0.000000	68	9545.78	4.21E-05
4C	Electricity	1940s	0.000000	0.000000	0.000000	1.000000	0.000000	3	36038.4	0.00058118
4C	Fuel Oil	1940s	0.000000	0.000000	0.000000	1.000000	0.000000	3	8038.55	8.47E-05
4C	Natural Gas	1940s	0.000000	0.000000	0.000000	1.000000	0.000000	3	8038.55	0.000561469
4C	None	1940s	0.000000	0.000000	0.000000	1.000000	0.000000	0	0	7.34E-06
4C	Other Fuel	1940s	0.000000	0.000000	0.000000	1.000000	0.000000	3	8038.55	0.000100865
4C	Propane	1940s	0.000000	0.000000	0.000000	1.000000	0.000000	3	8038.55	2.80E-05
4C	Electricity	1950s	0.000000	0.000000	0.000000	1.000000	0.000000	13	140371	0.000893977
4C	Fuel Oil	1950s	0.000000	0.000000	0.000000	1.000000	0.000000	14	36095.6	0.000133673
4C	Natural Gas	1950s	0.000000	0.000000	0.000000	1.000000	0.000000	14	36095.6	0.000943532
4C	None	1950s	0.000000	0.000000	0.000000	1.000000	0.000000	0	0	9.74E-06
4C	Other Fuel	1950s	0.000000	0.000000	0.000000	1.000000	0.000000	14	36095.6	0.000139177
4C	Propane	1950s	0.000000	0.000000	0.000000	1.000000	0.000000	14	36095.6	4.05E-05
4C	Electricity	1960s	0.000000	0.000000	0.000000	1.000000	0.000000	25	269756	0.00151542
4C	Fuel Oil	1960s	0.000000	0.000000	0.000000	1.000000	0.000000	19	50258.4	7.13E-05
4C	Natural Gas	1960s	0.000000	0.000000	0.000000	1.000000	0.000000	19	50258.4	0.00102044
4C	None	1960s	0.000000	0.000000	0.000000	1.000000	0.000000	0	0	1.34E-05
4C	Other Fuel	1960s	0.000000	0.000000	0.000000	1.000000	0.000000	19	50258.4	0.000168191
4C	Propane	1960s	0.000000	0.000000	0.000000	1.000000	0.000000	19	50258.4	5.34E-05
4C	Electricity	1970s	0.000000	0.000000	0.000000	1.000000	0.000000	26	268554	0.0031225
4C	Fuel Oil	1970s	0.000000	0.000000	0.000000	1.000000	0.000000	6	15923.5	3.58E-05
4C	Natural Gas	1970s	0.000000	0.000000	0.000000	1.000000	0.000000	6	15923.5	0.00126596
4C	None	1970s	0.000000	0.000000	0.000000	1.000000	0.000000	1	12367.4	2.09E-05
4C	Other Fuel	1970s	0.000000	0.000000	0.000000	1.000000	0.000000	6	15923.5	0.000340305
4C	Propane	1970s	0.000000	0.000000	0.000000	1.000000	0.000000	6	15923.5	8.69E-05
4C	Electricity	1980s	0.000000	0.000000	0.000000	1.000000	0.000000	34	364010	0.00237936
4C	Fuel Oil	1980s	0.000000	0.000000	0.000000	1.000000	0.000000	24	55567.2	1.91E-05
4C	Natural Gas	1980s	0.000000	0.000000	0.000000	1.000000	0.000000	24	55567.2	0.000982287
4C	None	1980s	0.000000	0.000000	0.000000	1.000000	0.000000	1	7942.96	1.33E-05
4C	Other Fuel	1980s	0.000000	0.000000	0.000000	1.000000	0.000000	24	55567.2	0.000243406
4C	Propane	1980s	0.000000	0.000000	0.000000	1.000000	0.000000	24	55567.2	8.17E-05
4C	Electricity	1990s	0.000000	0.000000	0.000000	1.000000	0.000000	37	387687	0.00264689
4C	Fuel Oil	1990s	0.000000	0.000000	0.000000	1.000000	0.000000	17	50079.2	1.76E-05
4C	Natural Gas	1990s	0.000000	0.000000	0.000000	1.000000	0.000000	17	50079.2	0.0018597
4C	None	1990s	0.000000	0.000000	0.000000	1.000000	0.000000	1	13757.9	1.99E-05
4C	Other Fuel	1990s	0.000000	0.000000	0.000000	1.000000	0.000000	17	50079.2	0.000198342
4C	Propane	1990s	0.000000	0.000000	0.000000	1.000000	0.000000	17	50079.2	0.000187786
4C	Electricity	2000s	0.000000	0.000000	0.000000	1.000000	0.000000	22	108691	0.00203395
4C	Fuel Oil	2000s	0.000000	0.000000	0.000000	1.000000	0.000000	24	31782.5	1.44E-05
4C	Natural Gas	2000s	0.000000	0.000000	0.000000	1.000000	0.000000	24	31782.5	0.00191224
4C	None	2000s	0.000000	0.000000	0.000000	1.000000	0.000000	2	9733.13	1.59E-05
4C	Other Fuel	2000s	0.000000	0.000000	0.000000	1.000000	0.000000	24	31782.5	0.000121194
4C	Propane	2000s	0.000000	0.000000	0.000000	1.000000	0.000000	24	31782.5	0.000194203
4C	Electricity	2010s	0.000000	0.000000	0.000000	1.000000	0.000000	22	108691	0.00106605
4C	Fuel Oil	2010s	0.000000	0.000000	0.000000	1.000000	0.000000	24	31782.5	2.47E-06
4C	Natural Gas	2010s	0.000000	0.000000	0.000000	1.000000	0.000000	24	31782.5	0.000650294
4C	None	2010s	0.000000	0.000000	0.000000	1.000000	0.000000	2	9733.13	1.20E-05
4C	Other Fuel	2010s	0.000000	0.000000	0.000000	1.000000	0.000000	24	31782.5	3.71E-05
4C	Propane	2010s	0.000000	0.000000	0.000000	1.000000	0.000000	24	31782.5	4.16E-05
4C	Electricity	<1940	0.000000	0.000000	0.000000	1.000000	0.000000	13	133503	0.00111304
4C	Fuel Oil	<1940	0.000000	0.000000	0.000000	1.000000	0.000000	19	49730.4	0.000139378
4C	Natural Gas	<1940	0.000000	0.000000	0.000000	1.000000	0.000000	19	49730.4	0.00142917
4C	None	<1940	0.000000	0.000000	0.000000	1.000000	0.000000	2	21184.4	2.29E-05
4C	Other Fuel	<1940	0.000000	0.000000	0.000000	1.000000	0.000000	19	49730.4	0.00021641
4C	Propane	<1940	0.000000	0.000000	0.000000	1.000000	0.000000	19	49730.4	7.16E-05
5A	Electricity	1940s	0.000000	0.000000	0.000000	1.000000	0.000000	6	83969	0.00152993
5A	Fuel Oil	1940s	0.000000	0.000000	0.000000	1.000000	0.000000	126	361460	0.00155918
5A	Natural Gas	1940s	0.000000	0.000000	0.000000	1.000000	0.000000	126	361460	0.0105774
5A	None	1940s	0.000000	0.000000	0.000000	1.000000	0.000000	1	4269.74	6.22E-05
5A	Other Fuel	1940s	0.000000	0.000000	0.000000	1.000000	0.000000	126	361460	0.000320691
5A	Propane	1940s	0.000000	0.000000	0.000000	1.000000	0.000000	126	361460	0.00051003
5A	Electricity	1950s	0.000000	0.000000	0.000000	1.000000	0.000000	18	214615	0.00313566
5A	Fuel Oil	1950s	0.000000	0.000000	0.000000	1.000000	0.000000	336	962397	0.00359333
5A	Natural Gas	1950s	0.000000	0.000000	0.000000	1.000000	0.000000	336	962397	0.0213066
5A	None	1950s	0.000000	0.000000	0.000000	1.000000	0.000000	0	0	0.000102248
5A	Other Fuel	1950s	0.000000	0.000000	0.000000	1.000000	0.000000	336	962397	0.000553731
5A	Propane	1950s	0.000000	0.000000	0.000000	1.000000	0.000000	336	962397	0.000873958
5A	Electricity	1960s	0.000000	0.000000	0.000000	1.000000	0.000000	36	525953	0.00460579
5A	Fuel Oil	1960s	0.000000	0.000000	0.000000	1.000000	0.000000	258	710352	0.00266936
5A	Natural Gas	1960s	0.000000	0.000000	0.000000	1.000000	0.000000	258	710352	0.0170116
5A	None	1960s	0.000000	0.000000	0.000000	1.000000	0.000000	1	5795.56	0.000123936
5A	Other Fuel	1960s	0.000000	0.000000	0.000000	1.000000	0.000000	258	710352	0.000582652
5A	Propane	1960s	0.000000	0.000000	0.000000	1.000000	0.000000	258	710352	0.000937089
5A	Electricity	1970s	0.000000	0.000000	0.000000	1.000000	0.000000	73	871158	0.0088256
5A	Fuel Oil	1970s	0.000000	0.000000	0.000000	1.000000	0.000000	264	708738	0.00277199
5A	Natural Gas	1970s	0.000000	0.000000	0.000000	1.000000	0.000000	264	708738	0.0167724
5A	None	1970s	0.000000	0.000000	0.000000	1.000000	0.000000	0	0	0.000183751
5A	Other Fuel	1970s	0.000000	0.000000	0.000000	1.000000	0.000000	264	708738	0.00102283
5A	Propane	1970s	0.000000	0.000000	0.000000	1.000000	0.000000	264	708738	0.00155994
5A	Electricity	1980s	0.000000	0.000000	0.000000	1.000000	0.000000	79	854369	0.00611023
5A	Fuel Oil	1980s	0.000000	0.000000	0.000000	1.000000	0.000000	229	549467	0.00219781
5A	Natural Gas	1980s	0.000000	0.000000	0.000000	1.000000	0.000000	229	549467	0.0116918
5A	None	1980s	0.000000	0.000000	0.000000	1.000000	0.000000	0	0	0.000102967
5A	Other Fuel	1980s	0.000000	0.000000	0.000000	1.000000	0.000000	229	549467	0.000836522
5A	Propane	1980s	0.000000	0.000000	0.000000	1.000000	0.000000	229	549467	0.00139487
5A	Electricity	1990s	0.000000	0.000000	0.000000	1.000000	0.000000	30	326792	0.00518317
5A	Fuel Oil	1990s	0.000000	0.000000	0.000000	1.000000	0.000000	178	535724	0.00171907
5A	Natural Gas	1990s	0.000000	0.000000	0.000000	1.000000	0.000000	178	535724	0.0145837
5A	None	1990s	0.000000	0.000000	0.000000	1.000000	0.000000	1	18145.6	0.000106044
5A	Other Fuel	1990s	0.000000	0.000000	0.000000	1.000000	0.000000	178	535724	0.000755047
5A	Propane	1990s	0.000000	0.000000	0.000000	1.000000	0.000000	178	535724	0.00197107
5A	Electricity	2000s	0.000000	0.000000	0.000000	1.000000	0.000000	35	210664	0.00454797
5A	Fuel Oil	2000s	0.000000	0.000000	0.000000	1.000000	0.000000	158	213112	0.00117327
5A	Natural Gas	2000s	0.000000	0.000000	0.000000	1.000000	0.000000	158	213112	0.0128721
5A	None	2000s	0.000000	0.000000	0.000000	1.000000	0.000000	1	9750.05	8.61E-05
5A	Other Fuel	2000s	0.000000	0.000000	0.000000	1.000000	0.000000	158	213112	0.000615664
5A	Propane	2000s	0.000000	0.000000	0.000000	1.000000	0.000000	158	213112	0.00175845
5A	Electricity	2010s	0.000000	0.000000	0.000000	1.000000	0.000000	35	210664	0.00221237
5A	Fuel Oil	2010s	0.000000	0.000000	0.000000	1.000000	0.000000	158	213112	0.000125435
5A	Natural Gas	2010s	0.000000	0.000000	0.000000	1.000000	0.000000	158	213112	0.00401717
5A	None	2010s	0.000000	0.000000	0.000000	1.000000	0.000000	1	9750.05	4.86E-05
5A	Other Fuel	2010s	0.000000	0.000000	0.000000	1.000000	0.000000	158	213112	0.000187766
5A	Propane	2010s	0.000000	0.000000	0.000000	1.000000	0.000000	158	213112	0.000552174
5A	Electricity	<1940	0.000000	0.000000	0.000000	1.000000	0.000000	41	452702	0.00564207
5A	Fuel Oil	<1940	0.000000	0.000000	0.000000	1.000000	0.000000	529	1.33E+06	0.00573721
5A	Natural Gas	<1940	0.000000	0.000000	0.000000	1.000000	0.000000	529	1.33E+06	0.0348772
5A	None	<1940	0.000000	0.000000	0.000000	1.000000	0.000000	2	34488.8	0.000240144
5A	Other Fuel	<1940	0.000000	0.000000	0.000000	1.000000	0.000000	529	1.33E+06	0.00169014
5A	Propane	<1940	0.000000	0.000000	0.000000	1.000000	0.000000	529	1.33E+06	0.00255916
5B	Electricity	1940s	0.000000	0.000000	0.000000	1.000000	0.000000	1	6435.56	0.000349318
5B	Fuel Oil	1940s	0.000000	0.000000	0.000000	1.000000	0.000000	10	27063.3	3.39E-05
5B	Natural Gas	1940s	0.000000	0.000000	0.000000	1.000000	0.000000	10	27063.3	0.000803551
5B	None	1940s	0.000000	0.000000	0.000000	1.000000	0.000000	0	0	6.29E-06
5B	Other Fuel	1940s	0.000000	0.000000	0.000000	1.000000	0.000000	10	27063.3	9.27E-05
5B	Propane	1940s	0.000000	0.000000	0.000000	1.000000	0.000000	10	27063.3	4.57E-05
5B	Electricity	1950s	0.000000	0.000000	0.000000	1.000000	0.000000	3	70039.8	0.000696689
5B	Fuel Oil	1950s	0.000000	0.000000	0.000000	1.000000	0.000000	26	59189.9	5.45E-05
5B	Natural Gas	1950s	0.000000	0.000000	0.000000	1.000000	0.000000	26	59189.9	0.00189636
5B	None	1950s	0.000000	0.000000	0.000000	1.000000	0.000000	0	0	9.62E-06
5B	Other Fuel	1950s	0.000000	0.000000	0.000000	1.000000	0.000000	26	59189.9	0.000134498
5B	Propane	1950s	0.000000	0.000000	0.000000	1.000000	0.000000	26	59189.9	7.20E-05
5B	Electricity	1960s	0.000000	0.000000	0.000000	1.000000	0.000000	5	44540.2	0.000834762
5B	Fuel Oil	1960s	0.000000	0.000000	0.000000	1.000000	0.000000	23	46839.5	3.96E-05
5B	Natural Gas	1960s	0.000000	0.000000	0.000000	1.000000	0.000000	23	46839.5	0.00188242
5B	None	1960s	0.000000	0.000000	0.000000	1.000000	0.000000	1	16624	1.38E-05
5B	Other Fuel	1960s	0.000000	0.000000	0.000000	1.000000	0.000000	23	46839.5	0.000193294
5B	Propane	1960s	0.000000	0.000000	0.000000	1.000000	0.000000	23	46839.5	0.000109686
5B	Electricity	1970s	0.000000	0.000000	0.000000	1.000000	0.000000	29	236186	0.00212656
5B	Fuel Oil	1970s	0.000000	0.000000	0.000000	1.000000	0.000000	97	161687	5.60E-05
5B	Natural Gas	1970s	0.000000	0.000000	0.000000	1.000000	0.000000	97	161687	0.00384108
5B	None	1970s	0.000000	0.000000	0.000000	1.000000	0.000000	0	0	3.14E-05
5B	Other Fuel	1970s	0.000000	0.000000	0.000000	1.000000	0.000000	97	161687	0.000493397
5B	Propane	1970s	0.000000	0.000000	0.000000	1.000000	0.000000	97	161687	0.000252966
5B	Electricity	1980s	0.000000	0.000000	0.000000	1.000000	0.000000	17	206935	0.00157219
5B	Fuel Oil	1980s	0.000000	0.000000	0.000000	1.000000	0.000000	78	152826	3.06E-05
5B	Natural Gas	1980s	0.000000	0.000000	0.000000	1.000000	0.000000	78	152826	0.00285555
5B	None	1980s	0.000000	0.000000	0.000000	1.000000	0.000000	0	0	2.32E-05
5B	Other Fuel	1980s	0.000000	0.000000	0.000000	1.000000	0.000000	78	152826	0.000444272
5B	Propane	1980s	0.000000	0.000000	0.000000	1.000000	0.000000	78	152826	0.00026873
5B	Electricity	1990s	0.000000	0.000000	0.000000	1.000000	0.000000	12	93072.4	0.00178251
5B	Fuel Oil	1990s	0.000000	0.000000	0.000000	1.000000	0.000000	66	134094	2.52E-05
5B	Natural Gas	1990s	0.000000	0.000000	0.000000	1.000000	0.000000	66	134094	0.00393999
5B	None	1990s	0.000000	0.000000	0.000000	1.000000	0.000000	0	0	2.27E-05
5B	Other Fuel	1990s	0.000000	0.000000	0.000000	1.000000	0.000000	66	134094	0.000401523
5B	Propane	1990s	0.000000	0.000000	0.000000	1.000000	0.000000	66	134094	0.000424825
5B	Electricity	2000s	0.000000	0.000000	0.000000	1.000000	0.000000	11	58466.3	0.00168469
5B	Fuel Oil	2000s	0.000000	0.000000	0.000000	1.000000	0.000000	56	62699.4	1.78E-05
5B	Natural Gas	2000s	0.000000	0.000000	0.000000	1.000000	0.000000	56	62699.4	0.00437116
5B	None	2000s	0.000000	0.000000	0.000000	1.000000	0.000000	0	0	1.28E-05
5B	Other Fuel	2000s	0.000000	0.000000	0.000000	1.000000	0.000000	56	62699.4	0.000299761
5B	Propane	2000s	0.000000	0.000000	0.000000	1.000000	0.000000	56	62699.4	0.000375015
5B	Electricity	2010s	0.000000	0.000000	0.000000	1.000000	0.000000	11	58466.3	0.000796905
5B	Fuel Oil	2010s	0.000000	0.000000	0.000000	1.000000	0.000000	56	62699.4	2.33E-06
5B	Natural Gas	2010s	0.000000	0.000000	0.000000	1.000000	0.000000	56	62699.4	0.00164674
5B	None	2010s	0.000000	0.000000	0.000000	1.000000	0.000000	0	0	1.12E-05
5B	Other Fuel	2010s	0.000000	0.000000	0.000000	1.000000	0.000000	56	62699.4	6.71E-05
5B	Propane	2010s	0.000000	0.000000	0.000000	1.000000	0.000000	56	62699.4	7.95E-05
5B	Electricity	<1940	0.000000	0.000000	0.000000	1.000000	0.000000	2	28110.6	0.000664451
5B	Fuel Oil	<1940	0.000000	0.000000	0.000000	1.000000	0.000000	28	74491	7.53E-05
5B	Natural Gas	<1940	0.000000	0.000000	0.000000	1.000000	0.000000	28	74491	0.00176382
5B	None	<1940	0.000000	0.000000	0.000000	1.000000	0.000000	0	0	2.21E-05
5B	Other Fuel	<1940	0.000000	0.000000	0.000000	1.000000	0.000000	28	74491	0.000239896
5B	Propane	<1940	0.000000	0.000000	0.000000	1.000000	0.000000	28	74491	0.000139728
6A	Electricity	1940s	0.000000	0.000000	0.000000	1.000000	0.000000	7	40293.4	0.000316617
6A	Fuel Oil	1940s	0.000000	0.000000	0.000000	1.000000	0.000000	39	68640.3	0.000432894
6A	Natural Gas	1940s	0.000000	0.000000	0.000000	1.000000	0.000000	39	68640.3	0.00184044
6A	None	1940s	0.000000	0.000000	0.000000	1.000000	0.000000	0	0	9.21E-06
6A	Other Fuel	1940s	0.000000	0.000000	0.000000	1.000000	0.000000	39	68640.3	0.000175265
6A	Propane	1940s	0.000000	0.000000	0.000000	1.000000	0.000000	39	68640.3	0.000292649
6A	Electricity	1950s	0.000000	0.000000	0.000000	1.000000	0.000000	7	38444	0.00064418
6A	Fuel Oil	1950s	0.000000	0.000000	0.000000	1.000000	0.000000	106	179019	0.000757961
6A	Natural Gas	1950s	0.000000	0.000000	0.000000	1.000000	0.000000	106	179019	0.00387733
6A	None	1950s	0.000000	0.000000	0.000000	1.000000	0.000000	0	0	2.45E-05
6A	Other Fuel	1950s	0.000000	0.000000	0.000000	1.000000	0.000000	106	179019	0.000262654
6A	Propane	1950s	0.000000	0.000000	0.000000	1.000000	0.000000	106	179019	0.000472472
6A	Electricity	1960s	0.000000	0.000000	0.000000	1.000000	0.000000	10	60893.4	0.000927664
6A	Fuel Oil	1960s	0.000000	0.000000	0.000000	1.000000	0.000000	89	149214	0.000748699
6A	Natural Gas	1960s	0.000000	0.000000	0.000000	1.000000	0.000000	89	149214	0.00328107
6A	None	1960s	0.000000	0.000000	0.000000	1.000000	0.000000	1	4994.87	3.59E-05
6A	Other Fuel	1960s	0.000000	0.000000	0.000000	1.000000	0.000000	89	149214	0.000329814
6A	Propane	1960s	0.000000	0.000000	0.000000	1.000000	0.000000	89	149214	0.000544444
6A	Electricity	1970s	0.000000	0.000000	0.000000	1.000000	0.000000	23	132553	0.00177262
6A	Fuel Oil	1970s	0.000000	0.000000	0.000000	1.000000	0.000000	140	251709	0.00110464
6A	Natural Gas	1970s	0.000000	0.000000	0.000000	1.000000	0.000000	140	251709	0.00423194
6A	None	1970s	0.000000	0.000000	0.000000	1.000000	0.000000	0	0	6.93E-05
6A	Other Fuel	1970s	0.000000	0.000000	0.000000	1.000000	0.000000	140	251709	0.000706833
6A	Propane	1970s	0.000000	0.000000	0.000000	1.000000	0.000000	140	251709	0.00108918
6A	Electricity	1980s	0.000000	0.000000	0.000000	1.000000	0.000000	10	116502	0.00144624
6A	Fuel Oil	1980s	0.000000	0.000000	0.000000	1.000000	0.000000	107	182034	0.00102798
6A	Natural Gas	1980s	0.000000	0.000000	0.000000	1.000000	0.000000	107	182034	0.00315956
6A	None	1980s	0.000000	0.000000	0.000000	1.000000	0.000000	0	0	4.63E-05
6A	Other Fuel	1980s	0.000000	0.000000	0.000000	1.000000	0.000000	107	182034	0.000633321
6A	Propane	1980s	0.000000	0.000000	0.000000	1.000000	0.000000	107	182034	0.000994989
6A	Electricity	1990s	0.000000	0.000000	0.000000	1.000000	0.000000	10	83476.8	0.00121497
6A	Fuel Oil	1990s	0.000000	0.000000	0.000000	1.000000	0.000000	113	210098	0.000866083
6A	Natural Gas	1990s	0.000000	0.000000	0.000000	1.000000	0.000000	113	210098	0.0038541
6A	None	1990s	0.000000	0.000000	0.000000	1.000000	0.000000	0	0	3.96E-05
6A	Other Fuel	1990s	0.000000	0.000000	0.000000	1.000000	0.000000	113	210098	0.000551839
6A	Propane	1990s	0.000000	0.000000	0.000000	1.000000	0.000000	113	210098	0.00125621
6A	Electricity	2000s	0.000000	0.000000	0.000000	1.000000	0.000000	18	61246.8	0.00109453
6A	Fuel Oil	2000s	0.000000	0.000000	0.000000	1.000000	0.000000	104	83441	0.000774241
6A	Natural Gas	2000s	0.000000	0.000000	0.000000	1.000000	0.000000	104	83441	0.0035478
6A	None	2000s	0.000000	0.000000	0.000000	1.000000	0.000000	0	0	3.60E-05
6A	Other Fuel	2000s	0.000000	0.000000	0.000000	1.000000	0.000000	104	83441	0.000528975
6A	Propane	2000s	0.000000	0.000000	0.000000	1.000000	0.000000	104	83441	0.00126333
6A	Electricity	2010s	0.000000	0.000000	0.000000	1.000000	0.000000	18	61246.8	0.000628958
6A	Fuel Oil	2010s	0.000000	0.000000	0.000000	1.000000	0.000000	104	83441	9.35E-05
6A	Natural Gas	2010s	0.000000	0.000000	0.000000	1.000000	0.000000	104	83441	0.00115702
6A	None	2010s	0.000000	0.000000	0.000000	1.000000	0.000000	0	0	1.68E-05
6A	Other Fuel	2010s	0.000000	0.000000	0.000000	1.000000	0.000000	104	83441	0.000157674
6A	Propane	2010s	0.000000	0.000000	0.000000	1.000000	0.000000	104	83441	0.000409033
6A	Electricity	<1940	0.000000	0.000000	0.000000	1.000000	0.000000	23	162953	0.00129802
6A	Fuel Oil	<1940	0.000000	0.000000	0.000000	1.000000	0.000000	163	273382	0.00223256
6A	Natural Gas	<1940	0.000000	0.000000	0.000000	1.000000	0.000000	163	273382	0.00674508
6A	None	<1940	0.000000	0.000000	0.000000	1.000000	0.000000	1	14198.2	5.94E-05
6A	Other Fuel	<1940	0.000000	0.000000	0.000000	1.000000	0.000000	163	273382	0.00107112
6A	Propane	<1940	0.000000	0.000000	0.000000	1.000000	0.000000	163	273382	0.00155008
6B	Electricity	1940s	0.000000	0.000000	0.000000	1.000000	0.000000	7	5494.55	7.83E-05
6B	Fuel Oil	1940s	0.000000	0.000000	0.000000	1.000000	0.000000	39	9360.04	7.46E-06
6B	Natural Gas	1940s	0.000000	0.000000	0.000000	1.000000	0.000000	39	9360.04	0.00024854
6B	None	1940s	0.000000	0.000000	0.000000	1.000000	0.000000	0	0	1.13E-06
6B	Other Fuel	1940s	0.000000	0.000000	0.000000	1.000000	0.000000	39	9360.04	3.90E-05
6B	Propane	1940s	0.000000	0.000000	0.000000	1.000000	0.000000	39	9360.04	3.86E-05
6B	Electricity	1950s	0.000000	0.000000	0.000000	1.000000	0.000000	7	5242.37	0.000141992
6B	Fuel Oil	1950s	0.000000	0.000000	0.000000	1.000000	0.000000	106	24411.7	1.10E-05
6B	Natural Gas	1950s	0.000000	0.000000	0.000000	1.000000	0.000000	106	24411.7	0.000487715
6B	None	1950s	0.000000	0.000000	0.000000	1.000000	0.000000	0	0	1.82E-06
6B	Other Fuel	1950s	0.000000	0.000000	0.000000	1.000000	0.000000	106	24411.7	5.39E-05
6B	Propane	1950s	0.000000	0.000000	0.000000	1.000000	0.000000	106	24411.7	5.02E-05
6B	Electricity	1960s	0.000000	0.000000	0.000000	1.000000	0.000000	10	8303.64	0.000169398
6B	Fuel Oil	1960s	0.000000	0.000000	0.000000	1.000000	0.000000	89	20347.4	8.06E-06
6B	Natural Gas	1960s	0.000000	0.000000	0.000000	1.000000	0.000000	89	20347.4	0.000410387
6B	None	1960s	0.000000	0.000000	0.000000	1.000000	0.000000	1	681.119	4.67E-06
6B	Other Fuel	1960s	0.000000	0.000000	0.000000	1.000000	0.000000	89	20347.4	6.39E-05
6B	Propane	1960s	0.000000	0.000000	0.000000	1.000000	0.000000	89	20347.4	6.04E-05
6B	Electricity	1970s	0.000000	0.000000	0.000000	1.000000	0.000000	23	18075.4	0.000527432
6B	Fuel Oil	1970s	0.000000	0.000000	0.000000	1.000000	0.000000	140	34324	1.23E-05
6B	Natural Gas	1970s	0.000000	0.000000	0.000000	1.000000	0.000000	140	34324	0.000829953
6B	None	1970s	0.000000	0.000000	0.000000	1.000000	0.000000	0	0	6.14E-06
6B	Other Fuel	1970s	0.000000	0.000000	0.000000	1.000000	0.000000	140	34324	0.000190527
6B	Propane	1970s	0.000000	0.000000	0.000000	1.000000	0.000000	140	34324	0.000153863
6B	Electricity	1980s	0.000000	0.000000	0.000000	1.000000	0.000000	10	15886.7	0.000388028
6B	Fuel Oil	1980s	0.000000	0.000000	0.000000	1.000000	0.000000	107	24822.8	7.23E-06
6B	Natural Gas	1980s	0.000000	0.000000	0.000000	1.000000	0.000000	107	24822.8	0.000486084
6B	None	1980s	0.000000	0.000000	0.000000	1.000000	0.000000	0	0	3.73E-06
6B	Other Fuel	1980s	0.000000	0.000000	0.000000	1.000000	0.000000	107	24822.8	0.000162799
6B	Propane	1980s	0.000000	0.000000	0.000000	1.000000	0.000000	107	24822.8	0.000111287
6B	Electricity	1990s	0.000000	0.000000	0.000000	1.000000	0.000000	10	11383.2	0.000356971
6B	Fuel Oil	1990s	0.000000	0.000000	0.000000	1.000000	0.000000	113	28649.7	6.72E-06
6B	Natural Gas	1990s	0.000000	0.000000	0.000000	1.000000	0.000000	113	28649.7	0.000648736
6B	None	1990s	0.000000	0.000000	0.000000	1.000000	0.000000	0	0	3.31E-06
6B	Other Fuel	1990s	0.000000	0.000000	0.000000	1.000000	0.000000	113	28649.7	0.000126792
6B	Propane	1990s	0.000000	0.000000	0.000000	1.000000	0.000000	113	28649.7	0.000206118
6B	Electricity	2000s	0.000000	0.000000	0.000000	1.000000	0.000000	18	8351.83	0.000363429
6B	Fuel Oil	2000s	0.000000	0.000000	0.000000	1.000000	0.000000	104	11378.3	4.74E-06
6B	Natural Gas	2000s	0.000000	0.000000	0.000000	1.000000	0.000000	104	11378.3	0.000800493
6B	None	2000s	0.000000	0.000000	0.000000	1.000000	0.000000	0	0	5.77E-06
6B	Other Fuel	2000s	0.000000	0.000000	0.000000	1.000000	0.000000	104	11378.3	0.000128726
6B	Propane	2000s	0.000000	0.000000	0.000000	1.000000	0.000000	104	11378.3	0.000230258
6B	Electricity	2010s	0.000000	0.000000	0.000000	1.000000	0.000000	18	8351.83	0.000173965
6B	Fuel Oil	2010s	0.000000	0.000000	0.000000	1.000000	0.000000	104	11378.3	1.09E-06
6B	Natural Gas	2010s	0.000000	0.000000	0.000000	1.000000	0.000000	104	11378.3	0.000296875
6B	None	2010s	0.000000	0.000000	0.000000	1.000000	0.000000	0	0	4.81E-06
6B	Other Fuel	2010s	0.000000	0.000000	0.000000	1.000000	0.000000	104	11378.3	3.75E-05
6B	Propane	2010s	0.000000	0.000000	0.000000	1.000000	0.000000	104	11378.3	5.24E-05
6B	Electricity	<1940	0.000000	0.000000	0.000000	1.000000	0.000000	23	22220.8	0.000198576
6B	Fuel Oil	<1940	0.000000	0.000000	0.000000	1.000000	0.000000	163	37279.3	2.31E-05
6B	Natural Gas	<1940	0.000000	0.000000	0.000000	1.000000	0.000000	163	37279.3	0.000637901
6B	None	<1940	0.000000	0.000000	0.000000	1.000000	0.000000	1	1936.11	6.65E-06
6B	Other Fuel	<1940	0.000000	0.000000	0.000000	1.000000	0.000000	163	37279.3	0.000115624
6B	Propane	<1940	0.000000	0.000000	0.000000	1.000000	0.000000	163	37279.3	0.000102459
7A	Electricity	1940s	0.000000	0.000000	0.000000	1.000000	0.000000	1	3993.97	5.53E-05
7A	Fuel Oil	1940s	0.000000	0.000000	0.000000	1.000000	0.000000	6	8057.05	4.32E-05
7A	Natural Gas	1940s	0.000000	0.000000	0.000000	1.000000	0.000000	6	8057.05	0.000220331
7A	None	1940s	0.000000	0.000000	0.000000	1.000000	0.000000	0	0	2.97E-06
7A	Other Fuel	1940s	0.000000	0.000000	0.000000	1.000000	0.000000	6	8057.05	3.93E-05
7A	Propane	1940s	0.000000	0.000000	0.000000	1.000000	0.000000	6	8057.05	8.80E-05
7A	Electricity	1950s	0.000000	0.000000	0.000000	1.000000	0.000000	3	12926.3	0.000103999
7A	Fuel Oil	1950s	0.000000	0.000000	0.000000	1.000000	0.000000	17	26055.4	6.62E-05
7A	Natural Gas	1950s	0.000000	0.000000	0.000000	1.000000	0.000000	17	26055.4	0.000382739
7A	None	1950s	0.000000	0.000000	0.000000	1.000000	0.000000	0	0	4.53E-06
7A	Other Fuel	1950s	0.000000	0.000000	0.000000	1.000000	0.000000	17	26055.4	4.61E-05
7A	Propane	1950s	0.000000	0.000000	0.000000	1.000000	0.000000	17	26055.4	0.000125858
7A	Electricity	1960s	0.000000	0.000000	0.000000	1.000000	0.000000	4	19902.8	0.000142398
7A	Fuel Oil	1960s	0.000000	0.000000	0.000000	1.000000	0.000000	7	9912.15	5.76E-05
7A	Natural Gas	1960s	0.000000	0.000000	0.000000	1.000000	0.000000	7	9912.15	0.00030561
7A	None	1960s	0.000000	0.000000	0.000000	1.000000	0.000000	0	0	4.62E-06
7A	Other Fuel	1960s	0.000000	0.000000	0.000000	1.000000	0.000000	7	9912.15	5.26E-05
7A	Propane	1960s	0.000000	0.000000	0.000000	1.000000	0.000000	7	9912.15	0.000139443
7A	Electricity	1970s	0.000000	0.000000	0.000000	1.000000	0.000000	6	30175.2	0.00035568
7A	Fuel Oil	1970s	0.000000	0.000000	0.000000	1.000000	0.000000	17	24583.3	8.61E-05
7A	Natural Gas	1970s	0.000000	0.000000	0.000000	1.000000	0.000000	17	24583.3	0.000423962
7A	None	1970s	0.000000	0.000000	0.000000	1.000000	0.000000	0	0	1.22E-05
7A	Other Fuel	1970s	0.000000	0.000000	0.000000	1.000000	0.000000	17	24583.3	0.00011369
7A	Propane	1970s	0.000000	0.000000	0.000000	1.000000	0.000000	17	24583.3	0.000289503
7A	Electricity	1980s	0.000000	0.000000	0.000000	1.000000	0.000000	3	16246.9	0.000254227
7A	Fuel Oil	1980s	0.000000	0.000000	0.000000	1.000000	0.000000	5	8880.24	3.97E-05
7A	Natural Gas	1980s	0.000000	0.000000	0.000000	1.000000	0.000000	5	8880.24	0.000250173
7A	None	1980s	0.000000	0.000000	0.000000	1.000000	0.000000	0	0	4.61E-06
7A	Other Fuel	1980s	0.000000	0.000000	0.000000	1.000000	0.000000	5	8880.24	9.22E-05
7A	Propane	1980s	0.000000	0.000000	0.000000	1.000000	0.000000	5	8880.24	0.000229005
7A	Electricity	1990s	0.000000	0.000000	0.000000	1.000000	0.000000	3	12913.7	0.000223001
7A	Fuel Oil	1990s	0.000000	0.000000	0.000000	1.000000	0.000000	11	15743.7	3.53E-05
7A	Natural Gas	1990s	0.000000	0.000000	0.000000	1.000000	0.000000	11	15743.7	0.000335183
7A	None	1990s	0.000000	0.000000	0.000000	1.000000	0.000000	0	0	5.36E-06
7A	Other Fuel	1990s	0.000000	0.000000	0.000000	1.000000	0.000000	11	15743.7	9.20E-05
7A	Propane	1990s	0.000000	0.000000	0.000000	1.000000	0.000000	11	15743.7	0.000331129
7A	Electricity	2000s	0.000000	0.000000	0.000000	1.000000	0.000000	2	5267.54	0.000261114
7A	Fuel Oil	2000s	0.000000	0.000000	0.000000	1.000000	0.000000	6	3928.21	2.62E-05
7A	Natural Gas	2000s	0.000000	0.000000	0.000000	1.000000	0.000000	6	3928.21	0.000336738
7A	None	2000s	0.000000	0.000000	0.000000	1.000000	0.000000	0	0	6.29E-06
7A	Other Fuel	2000s	0.000000	0.000000	0.000000	1.000000	0.000000	6	3928.21	9.95E-05
7A	Propane	2000s	0.000000	0.000000	0.000000	1.000000	0.000000	6	3928.21	0.000347578
7A	Electricity	2010s	0.000000	0.000000	0.000000	1.000000	0.000000	2	5267.54	0.000210593
7A	Fuel Oil	2010s	0.000000	0.000000	0.000000	1.000000	0.000000	6	3928.21	5.66E-06
7A	Natural Gas	2010s	0.000000	0.000000	0.000000	1.000000	0.000000	6	3928.21	0.000148965
7A	None	2010s	0.000000	0.000000	0.000000	1.000000	0.000000	0	0	2.97E-06
7A	Other Fuel	2010s	0.000000	0.000000	0.000000	1.000000	0.000000	6	3928.21	2.56E-05
7A	Propane	2010s	0.000000	0.000000	0.000000	1.000000	0.000000	6	3928.21	8.52E-05
7A	Electricity	<1940	0.000000	0.000000	0.000000	1.000000	0.000000	5	23357.5	0.000180697
7A	Fuel Oil	<1940	0.000000	0.000000	0.000000	1.000000	0.000000	20	27962	0.000142432
7A	Natural Gas	<1940	0.000000	0.000000	0.000000	1.000000	0.000000	20	27962	0.000638851
7A	None	<1940	0.000000	0.000000	0.000000	1.000000	0.000000	0	0	9.90E-06
7A	Other Fuel	<1940	0.000000	0.000000	0.000000	1.000000	0.000000	20	27962	0.000124689
7A	Propane	<1940	0.000000	0.000000	0.000000	1.000000	0.000000	20	27962	0.000239264
7B	Electricity	1940s	0.000000	0.000000	0.000000	1.000000	0.000000	1	395.008	4.44E-06
7B	Fuel Oil	1940s	0.000000	0.000000	0.000000	1.000000	0.000000	6	796.851	3.81E-08
7B	Natural Gas	1940s	0.000000	0.000000	0.000000	1.000000	0.000000	6	796.851	1.74E-05
7B	None	1940s	0.000000	0.000000	0.000000	1.000000	0.000000	0	0	4.78E-08
7B	Other Fuel	1940s	0.000000	0.000000	0.000000	1.000000	0.000000	6	796.851	3.60E-06
7B	Propane	1940s	0.000000	0.000000	0.000000	1.000000	0.000000	6	796.851	2.75E-06
7B	Electricity	1950s	0.000000	0.000000	0.000000	1.000000	0.000000	3	1278.43	7.08E-06
7B	Fuel Oil	1950s	0.000000	0.000000	0.000000	1.000000	0.000000	17	2576.91	5.19E-08
7B	Natural Gas	1950s	0.000000	0.000000	0.000000	1.000000	0.000000	17	2576.91	3.11E-05
7B	None	1950s	0.000000	0.000000	0.000000	1.000000	0.000000	0	0	7.41E-08
7B	Other Fuel	1950s	0.000000	0.000000	0.000000	1.000000	0.000000	17	2576.91	3.45E-06
7B	Propane	1950s	0.000000	0.000000	0.000000	1.000000	0.000000	17	2576.91	3.65E-06
7B	Electricity	1960s	0.000000	0.000000	0.000000	1.000000	0.000000	4	1968.41	1.63E-05
7B	Fuel Oil	1960s	0.000000	0.000000	0.000000	1.000000	0.000000	7	980.323	4.91E-07
7B	Natural Gas	1960s	0.000000	0.000000	0.000000	1.000000	0.000000	7	980.323	4.16E-05
7B	None	1960s	0.000000	0.000000	0.000000	1.000000	0.000000	0	0	2.15E-07
7B	Other Fuel	1960s	0.000000	0.000000	0.000000	1.000000	0.000000	7	980.323	4.24E-06
7B	Propane	1960s	0.000000	0.000000	0.000000	1.000000	0.000000	7	980.323	6.85E-06
7B	Electricity	1970s	0.000000	0.000000	0.000000	1.000000	0.000000	6	2984.36	8.34E-05
7B	Fuel Oil	1970s	0.000000	0.000000	0.000000	1.000000	0.000000	17	2431.31	2.14E-07
7B	Natural Gas	1970s	0.000000	0.000000	0.000000	1.000000	0.000000	17	2431.31	9.99E-05
7B	None	1970s	0.000000	0.000000	0.000000	1.000000	0.000000	0	0	1.87E-06
7B	Other Fuel	1970s	0.000000	0.000000	0.000000	1.000000	0.000000	17	2431.31	1.96E-05
7B	Propane	1970s	0.000000	0.000000	0.000000	1.000000	0.000000	17	2431.31	1.92E-05
7B	Electricity	1980s	0.000000	0.000000	0.000000	1.000000	0.000000	3	1606.83	7.94E-05
7B	Fuel Oil	1980s	0.000000	0.000000	0.000000	1.000000	0.000000	5	878.265	2.08E-06
7B	Natural Gas	1980s	0.000000	0.000000	0.000000	1.000000	0.000000	5	878.265	7.64E-05
7B	None	1980s	0.000000	0.000000	0.000000	1.000000	0.000000	0	0	7.11E-07
7B	Other Fuel	1980s	0.000000	0.000000	0.000000	1.000000	0.000000	5	878.265	1.88E-05
7B	Propane	1980s	0.000000	0.000000	0.000000	1.000000	0.000000	5	878.265	1.51E-05
7B	Electricity	1990s	0.000000	0.000000	0.000000	1.000000	0.000000	3	1277.18	5.95E-05
7B	Fuel Oil	1990s	0.000000	0.000000	0.000000	1.000000	0.000000	11	1557.07	3.74E-07
7B	Natural Gas	1990s	0.000000	0.000000	0.000000	1.000000	0.000000	11	1557.07	0.00012809
7B	None	1990s	0.000000	0.000000	0.000000	1.000000	0.000000	0	0	2.32E-07
7B	Other Fuel	1990s	0.000000	0.000000	0.000000	1.000000	0.000000	11	1557.07	1.35E-05
7B	Propane	1990s	0.000000	0.000000	0.000000	1.000000	0.000000	11	1557.07	3.12E-05
7B	Electricity	2000s	0.000000	0.000000	0.000000	1.000000	0.000000	2	520.966	5.48E-05
7B	Fuel Oil	2000s	0.000000	0.000000	0.000000	1.000000	0.000000	6	388.505	6.48E-08
7B	Natural Gas	2000s	0.000000	0.000000	0.000000	1.000000	0.000000	6	388.505	0.000115615
7B	None	2000s	0.000000	0.000000	0.000000	1.000000	0.000000	0	0	8.15E-08
7B	Other Fuel	2000s	0.000000	0.000000	0.000000	1.000000	0.000000	6	388.505	1.28E-05
7B	Propane	2000s	0.000000	0.000000	0.000000	1.000000	0.000000	6	388.505	2.81E-05
7B	Electricity	2010s	0.000000	0.000000	0.000000	1.000000	0.000000	2	520.966	9.37E-06
7B	Fuel Oil	2010s	0.000000	0.000000	0.000000	1.000000	0.000000	6	388.505	3.84E-08
7B	Natural Gas	2010s	0.000000	0.000000	0.000000	1.000000	0.000000	6	388.505	2.30E-05
7B	None	2010s	0.000000	0.000000	0.000000	1.000000	0.000000	0	0	6.17E-08
7B	Other Fuel	2010s	0.000000	0.000000	0.000000	1.000000	0.000000	6	388.505	2.17E-06
7B	Propane	2010s	0.000000	0.000000	0.000000	1.000000	0.000000	6	388.505	5.18E-06
7B	Electricity	<1940	0.000000	0.000000	0.000000	1.000000	0.000000	5	2310.08	1.24E-05
7B	Fuel Oil	<1940	0.000000	0.000000	0.000000	1.000000	0.000000	20	2765.48	3.06E-07
7B	Natural Gas	<1940	0.000000	0.000000	0.000000	1.000000	0.000000	20	2765.48	5.94E-05
7B	None	<1940	0.000000	0.000000	0.000000	1.000000	0.000000	0	0	5.50E-07
7B	Other Fuel	<1940	0.000000	0.000000	0.000000	1.000000	0.000000	20	2765.48	1.12E-05
7B	Propane	<1940	0.000000	0.000000	0.000000	1.000000	0.000000	20	2765.48	1.07E-05
# Created by: sources\recs\recs2009\tsv_maker.py										
# Source: Constructed using U.S. EIA 2009 Residential Energy Consumption Survey (RECS) microdata.										
# Assumption: There are no mini-split heat pumps in RECS 2009										
"# Assumption: Due to low sample sizes for some heating fuel types, heating fuel data is queried from three groups:1) Electricity, 2) None, and 3) Natural Gas, Propane, Fuel Oil, and Other Fuel Data."										
# Assumption: Assume indicated non-heat pump electric heating is a heat pump when respondents say their AC is a heat pump.										
