Dependency=Location Region	Dependency=Vintage	Dependency=Geometry Wall Type	"Option=Wood Stud, Uninsulated"	"Option=Wood Stud, R-7"	"Option=Wood Stud, R-11"	"Option=Wood Stud, R-15"	"Option=Wood Stud, R-19"	"Option=CMU, 6-in Hollow, Uninsulated"	"Option=CMU, 6-in Hollow, R-7"	"Option=CMU, 6-in Hollow, R-11"	"Option=CMU, 6-in Hollow, R-15"	"Option=CMU, 6-in Hollow, R-19"	"Option=Brick, 12-in, 3-wythe, Uninsulated"	"Option=Brick, 12-in, 3-wythe, R-7"	"Option=Brick, 12-in, 3-wythe, R-11"	"Option=Brick, 12-in, 3-wythe, R-15"	"Option=Brick, 12-in, 3-wythe, R-19"	Option=Void	sampling_probability
CR02	<1940	Brick	0	0	0	0	0	0	0	0	0	0	0.31	0.17	0.31	0.14	0.07	0	0.000652456
CR05	<1940	Brick	0	0	0	0	0	0	0	0	0	0	0.31	0.17	0.31	0.14	0.07	0	0.000190425
CR03	<1940	Brick	0	0	0	0	0	0	0	0	0	0	0.31	0.17	0.31	0.14	0.07	0	0.00180158
CR04	<1940	Brick	0	0	0	0	0	0	0	0	0	0	0.31	0.17	0.31	0.14	0.07	0	0.00742814
CR06	<1940	Brick	0	0	0	0	0	0	0	0	0	0	0.31	0.17	0.31	0.14	0.07	0	0.000136728
CR07	<1940	Brick	0	0	0	0	0	0	0	0	0	0	0.31	0.17	0.31	0.14	0.07	0	0.0122327
CR08	<1940	Brick	0	0	0	0	0	0	0	0	0	0	0.31	0.17	0.31	0.14	0.07	0	0.00244736
CR09	<1940	Brick	0	0	0	0	0	0	0	0	0	0	0.31	0.17	0.31	0.14	0.07	0	0.00193941
CR10	<1940	Brick	0	0	0	0	0	0	0	0	0	0	0.31	0.17	0.31	0.14	0.07	0	0.000253571
CR11	<1940	Brick	0	0	0	0	0	0	0	0	0	0	0.31	0.17	0.31	0.14	0.07	0	0.00021971
CR02	1950s	Brick	0	0	0	0	0	0	0	0	0	0	0.090909091	0.323232323	0.454545455	0.131313131	0	0	0.000280059
CR05	1950s	Brick	0	0	0	0	0	0	0	0	0	0	0.090909091	0.323232323	0.454545455	0.131313131	0	0	0.0002771
CR03	1950s	Brick	0	0	0	0	0	0	0	0	0	0	0.090909091	0.323232323	0.454545455	0.131313131	0	0	0.000183765
CR04	1950s	Brick	0	0	0	0	0	0	0	0	0	0	0.090909091	0.323232323	0.454545455	0.131313131	0	0	0.00804235
CR06	1950s	Brick	0	0	0	0	0	0	0	0	0	0	0.090909091	0.323232323	0.454545455	0.131313131	0	0	0.000108917
CR07	1950s	Brick	0	0	0	0	0	0	0	0	0	0	0.090909091	0.323232323	0.454545455	0.131313131	0	0	0.0064304
CR08	1950s	Brick	0	0	0	0	0	0	0	0	0	0	0.090909091	0.323232323	0.454545455	0.131313131	0	0	0.00174756
CR09	1950s	Brick	0	0	0	0	0	0	0	0	0	0	0.090909091	0.323232323	0.454545455	0.131313131	0	0	0.00527764
CR10	1950s	Brick	0	0	0	0	0	0	0	0	0	0	0.090909091	0.323232323	0.454545455	0.131313131	0	0	0.000293959
CR11	1950s	Brick	0	0	0	0	0	0	0	0	0	0	0.090909091	0.323232323	0.454545455	0.131313131	0	0	0.000335774
CR02	1960s	Brick	0	0	0	0	0	0	0	0	0	0	0.059405941	0.148514851	0.435643564	0.237623762	0.118811881	0	0.000217928
CR05	1960s	Brick	0	0	0	0	0	0	0	0	0	0	0.059405941	0.148514851	0.435643564	0.237623762	0.118811881	0	0.000240402
CR03	1960s	Brick	0	0	0	0	0	0	0	0	0	0	0.059405941	0.148514851	0.435643564	0.237623762	0.118811881	0	0.00012708
CR04	1960s	Brick	0	0	0	0	0	0	0	0	0	0	0.059405941	0.148514851	0.435643564	0.237623762	0.118811881	0	0.00762689
CR06	1960s	Brick	0	0	0	0	0	0	0	0	0	0	0.059405941	0.148514851	0.435643564	0.237623762	0.118811881	0	3.30E-05
CR07	1960s	Brick	0	0	0	0	0	0	0	0	0	0	0.059405941	0.148514851	0.435643564	0.237623762	0.118811881	0	0.00483071
CR08	1960s	Brick	0	0	0	0	0	0	0	0	0	0	0.059405941	0.148514851	0.435643564	0.237623762	0.118811881	0	0.00151278
CR09	1960s	Brick	0	0	0	0	0	0	0	0	0	0	0.059405941	0.148514851	0.435643564	0.237623762	0.118811881	0	0.0105984
CR10	1960s	Brick	0	0	0	0	0	0	0	0	0	0	0.059405941	0.148514851	0.435643564	0.237623762	0.118811881	0	0.000113053
CR11	1960s	Brick	0	0	0	0	0	0	0	0	0	0	0.059405941	0.148514851	0.435643564	0.237623762	0.118811881	0	7.09E-05
CR02	1970s	Brick	0	0	0	0	0	0	0	0	0	0	0	0.060606061	0.717171717	0.121212121	0.101010101	0	0.000320507
CR05	1970s	Brick	0	0	0	0	0	0	0	0	0	0	0	0.060606061	0.717171717	0.121212121	0.101010101	0	0.000496397
CR03	1970s	Brick	0	0	0	0	0	0	0	0	0	0	0	0.060606061	0.717171717	0.121212121	0.101010101	0	0.000184722
CR04	1970s	Brick	0	0	0	0	0	0	0	0	0	0	0	0.060606061	0.717171717	0.121212121	0.101010101	0	0.00921337
CR06	1970s	Brick	0	0	0	0	0	0	0	0	0	0	0	0.060606061	0.717171717	0.121212121	0.101010101	0	5.20E-05
CR07	1970s	Brick	0	0	0	0	0	0	0	0	0	0	0	0.060606061	0.717171717	0.121212121	0.101010101	0	0.00488368
CR08	1970s	Brick	0	0	0	0	0	0	0	0	0	0	0	0.060606061	0.717171717	0.121212121	0.101010101	0	0.00204527
CR09	1970s	Brick	0	0	0	0	0	0	0	0	0	0	0	0.060606061	0.717171717	0.121212121	0.101010101	0	0.0181903
CR10	1970s	Brick	0	0	0	0	0	0	0	0	0	0	0	0.060606061	0.717171717	0.121212121	0.101010101	0	0.000216254
CR11	1970s	Brick	0	0	0	0	0	0	0	0	0	0	0	0.060606061	0.717171717	0.121212121	0.101010101	0	9.38E-05
CR02	1980s	Brick	0	0	0	0	0	0	0	0	0	0	0	0.060606061	0.717171717	0.121212121	0.101010101	0	0.000155244
CR05	1980s	Brick	0	0	0	0	0	0	0	0	0	0	0	0	0	0.25	0.75	0	5.85E-05
CR03	1980s	Brick	0	0	0	0	0	0	0	0	0	0	0	0	0	0.25	0.75	0	7.68E-05
CR04	1980s	Brick	0	0	0	0	0	0	0	0	0	0	0	0	0	0.25	0.75	0	0.00466802
CR06	1980s	Brick	0	0	0	0	0	0	0	0	0	0	0	0	0	0.25	0.75	0	1.03E-05
CR07	1980s	Brick	0	0	0	0	0	0	0	0	0	0	0	0	0	0.25	0.75	0	0.00172774
CR08	1980s	Brick	0	0	0	0	0	0	0	0	0	0	0	0	0	0.25	0.75	0	0.00091234
CR09	1980s	Brick	0	0	0	0	0	0	0	0	0	0	0	0	0	0.25	0.75	0	0.0163615
CR10	1980s	Brick	0	0	0	0	0	0	0	0	0	0	0	0	0	0.25	0.75	0	5.79E-05
CR11	1980s	Brick	0	0	0	0	0	0	0	0	0	0	0	0	0	0.25	0.75	0	8.32E-05
CR02	1990s	Brick	0	0	0	0	0	0	0	0	0	0	0	0	0	0	1	0	0.000192581
CR05	1990s	Brick	0	0	0	0	0	0	0	0	0	0	0	0	0	0	1	0	7.20E-05
CR03	1990s	Brick	0	0	0	0	0	0	0	0	0	0	0	0	0	0	1	0	4.82E-05
CR04	1990s	Brick	0	0	0	0	0	0	0	0	0	0	0	0	0	0	1	0	0.00626926
CR06	1990s	Brick	0	0	0	0	0	0	0	0	0	0	0	0	0	0	1	0	1.30E-05
CR07	1990s	Brick	0	0	0	0	0	0	0	0	0	0	0	0	0	0	1	0	0.00149769
CR08	1990s	Brick	0	0	0	0	0	0	0	0	0	0	0	0	0	0	1	0	0.000990263
CR09	1990s	Brick	0	0	0	0	0	0	0	0	0	0	0	0	0	0	1	0	0.0141941
CR10	1990s	Brick	0	0	0	0	0	0	0	0	0	0	0	0	0	0	1	0	6.33E-05
CR11	1990s	Brick	0	0	0	0	0	0	0	0	0	0	0	0	0	0	1	0	4.94E-05
CR02	2000s	Brick	0	0	0	0	0	0	0	0	0	0	0	0	0	0.5	0.5	0	0.000181779
CR05	2000s	Brick	0	0	0	0	0	0	0	0	0	0	0	0	0	0.5	0.5	0	7.10E-05
CR03	2000s	Brick	0	0	0	0	0	0	0	0	0	0	0	0	0	0.5	0.5	0	5.36E-05
CR04	2000s	Brick	0	0	0	0	0	0	0	0	0	0	0	0	0	0.5	0.5	0	0.00525768
CR06	2000s	Brick	0	0	0	0	0	0	0	0	0	0	0	0	0	0.5	0.5	0	2.28E-05
CR07	2000s	Brick	0	0	0	0	0	0	0	0	0	0	0	0	0	0.5	0.5	0	0.00138132
CR08	2000s	Brick	0	0	0	0	0	0	0	0	0	0	0	0	0	0.5	0.5	0	0.000974518
CR09	2000s	Brick	0	0	0	0	0	0	0	0	0	0	0	0	0	0.5	0.5	0	0.0184167
CR10	2000s	Brick	0	0	0	0	0	0	0	0	0	0	0	0	0	0.5	0.5	0	4.11E-05
CR11	2000s	Brick	0	0	0	0	0	0	0	0	0	0	0	0	0	0.5	0.5	0	3.72E-05
CR02	1940s	Brick	0	0	0	0	0	0	0	0	0	0	0.31	0.17	0.31	0.14	0.07	0	0.000139579
CR05	1940s	Brick	0	0	0	0	0	0	0	0	0	0	0.31	0.17	0.31	0.14	0.07	0	0.000101483
CR03	1940s	Brick	0	0	0	0	0	0	0	0	0	0	0.31	0.17	0.31	0.14	0.07	0	0.00010027
CR04	1940s	Brick	0	0	0	0	0	0	0	0	0	0	0.31	0.17	0.31	0.14	0.07	0	0.00400396
CR06	1940s	Brick	0	0	0	0	0	0	0	0	0	0	0.31	0.17	0.31	0.14	0.07	0	6.85E-05
CR07	1940s	Brick	0	0	0	0	0	0	0	0	0	0	0.31	0.17	0.31	0.14	0.07	0	0.00404241
CR08	1940s	Brick	0	0	0	0	0	0	0	0	0	0	0.31	0.17	0.31	0.14	0.07	0	0.00103587
CR09	1940s	Brick	0	0	0	0	0	0	0	0	0	0	0.31	0.17	0.31	0.14	0.07	0	0.00213092
CR10	1940s	Brick	0	0	0	0	0	0	0	0	0	0	0.31	0.17	0.31	0.14	0.07	0	0.000108823
CR11	1940s	Brick	0	0	0	0	0	0	0	0	0	0	0.31	0.17	0.31	0.14	0.07	0	0.000145999
CR02	2010s	Brick	0	0	0	0	0	0	0	0	0	0	0	0	0	0.25	0.75	0	5.87E-05
CR05	2010s	Brick	0	0	0	0	0	0	0	0	0	0	0	0	0	0.25	0.75	0	2.35E-05
CR03	2010s	Brick	0	0	0	0	0	0	0	0	0	0	0	0	0	0.25	0.75	0	2.22E-05
CR04	2010s	Brick	0	0	0	0	0	0	0	0	0	0	0	0	0	0.25	0.75	0	0.00167077
CR06	2010s	Brick	0	0	0	0	0	0	0	0	0	0	0	0	0	0.25	0.75	0	1.98E-06
CR07	2010s	Brick	0	0	0	0	0	0	0	0	0	0	0	0	0	0.25	0.75	0	0.000839539
CR08	2010s	Brick	0	0	0	0	0	0	0	0	0	0	0	0	0	0.25	0.75	0	0.000468791
CR09	2010s	Brick	0	0	0	0	0	0	0	0	0	0	0	0	0	0.25	0.75	0	0.0073705
CR10	2010s	Brick	0	0	0	0	0	0	0	0	0	0	0	0	0	0.25	0.75	0	6.51E-06
CR11	2010s	Brick	0	0	0	0	0	0	0	0	0	0	0	0	0	0.25	0.75	0	1.34E-05
CR02	<1940	Concrete	0	0	0	0	0	0.31	0.17	0.31	0.14	0.07	0	0	0	0	0	0	0.000137882
CR05	<1940	Concrete	0	0	0	0	0	0.31	0.17	0.31	0.14	0.07	0	0	0	0	0	0	5.17E-06
CR03	<1940	Concrete	0	0	0	0	0	0.31	0.17	0.31	0.14	0.07	0	0	0	0	0	0	0.00135775
CR04	<1940	Concrete	0	0	0	0	0	0.31	0.17	0.31	0.14	0.07	0	0	0	0	0	0	0.000141358
CR06	<1940	Concrete	0	0	0	0	0	0.31	0.17	0.31	0.14	0.07	0	0	0	0	0	0	1.95E-05
CR07	<1940	Concrete	0	0	0	0	0	0.31	0.17	0.31	0.14	0.07	0	0	0	0	0	0	0.000207399
CR08	<1940	Concrete	0	0	0	0	0	0.31	0.17	0.31	0.14	0.07	0	0	0	0	0	0	0.000140587
CR09	<1940	Concrete	0	0	0	0	0	0.31	0.17	0.31	0.14	0.07	0	0	0	0	0	0	0.000242062
CR10	<1940	Concrete	0	0	0	0	0	0.31	0.17	0.31	0.14	0.07	0	0	0	0	0	0	7.34E-05
CR11	<1940	Concrete	0	0	0	0	0	0.31	0.17	0.31	0.14	0.07	0	0	0	0	0	0	5.30E-05
CR02	1950s	Concrete	0	0	0	0	0	0.090909091	0.323232323	0.454545455	0.131313131	0	0	0	0	0	0	0	4.88E-05
CR05	1950s	Concrete	0	0	0	0	0	0.090909091	0.323232323	0.454545455	0.131313131	0	0	0	0	0	0	0	5.78E-06
CR03	1950s	Concrete	0	0	0	0	0	0.090909091	0.323232323	0.454545455	0.131313131	0	0	0	0	0	0	0	0.00116467
CR04	1950s	Concrete	0	0	0	0	0	0.090909091	0.323232323	0.454545455	0.131313131	0	0	0	0	0	0	0	0.000270697
CR06	1950s	Concrete	0	0	0	0	0	0.090909091	0.323232323	0.454545455	0.131313131	0	0	0	0	0	0	0	5.14E-05
CR07	1950s	Concrete	0	0	0	0	0	0.090909091	0.323232323	0.454545455	0.131313131	0	0	0	0	0	0	0	0.000195622
CR08	1950s	Concrete	0	0	0	0	0	0.090909091	0.323232323	0.454545455	0.131313131	0	0	0	0	0	0	0	0.000306021
CR09	1950s	Concrete	0	0	0	0	0	0.090909091	0.323232323	0.454545455	0.131313131	0	0	0	0	0	0	0	0.00154348
CR10	1950s	Concrete	0	0	0	0	0	0.090909091	0.323232323	0.454545455	0.131313131	0	0	0	0	0	0	0	0.000320517
CR11	1950s	Concrete	0	0	0	0	0	0.090909091	0.323232323	0.454545455	0.131313131	0	0	0	0	0	0	0	4.35E-05
CR02	1960s	Concrete	0	0	0	0	0	0.059405941	0.148514851	0.435643564	0.237623762	0.118811881	0	0	0	0	0	0	0.00010822
CR05	1960s	Concrete	0	0	0	0	0	0.059405941	0.148514851	0.435643564	0.237623762	0.118811881	0	0	0	0	0	0	2.07E-06
CR03	1960s	Concrete	0	0	0	0	0	0.059405941	0.148514851	0.435643564	0.237623762	0.118811881	0	0	0	0	0	0	0.00108291
CR04	1960s	Concrete	0	0	0	0	0	0.059405941	0.148514851	0.435643564	0.237623762	0.118811881	0	0	0	0	0	0	9.58E-05
CR06	1960s	Concrete	0	0	0	0	0	0.059405941	0.148514851	0.435643564	0.237623762	0.118811881	0	0	0	0	0	0	3.39E-05
CR07	1960s	Concrete	0	0	0	0	0	0.059405941	0.148514851	0.435643564	0.237623762	0.118811881	0	0	0	0	0	0	0.000226371
CR08	1960s	Concrete	0	0	0	0	0	0.059405941	0.148514851	0.435643564	0.237623762	0.118811881	0	0	0	0	0	0	0.000575234
CR09	1960s	Concrete	0	0	0	0	0	0.059405941	0.148514851	0.435643564	0.237623762	0.118811881	0	0	0	0	0	0	0.00146807
CR10	1960s	Concrete	0	0	0	0	0	0.059405941	0.148514851	0.435643564	0.237623762	0.118811881	0	0	0	0	0	0	0.000304205
CR11	1960s	Concrete	0	0	0	0	0	0.059405941	0.148514851	0.435643564	0.237623762	0.118811881	0	0	0	0	0	0	0.00017256
CR02	1970s	Concrete	0	0	0	0	0	0	0.060606061	0.717171717	0.121212121	0.101010101	0	0	0	0	0	0	0.000186478
CR05	1970s	Concrete	0	0	0	0	0	0	0.060606061	0.717171717	0.121212121	0.101010101	0	0	0	0	0	0	4.96E-06
CR03	1970s	Concrete	0	0	0	0	0	0	0.060606061	0.717171717	0.121212121	0.101010101	0	0	0	0	0	0	0.00140754
CR04	1970s	Concrete	0	0	0	0	0	0	0.060606061	0.717171717	0.121212121	0.101010101	0	0	0	0	0	0	0.000104169
CR06	1970s	Concrete	0	0	0	0	0	0	0.060606061	0.717171717	0.121212121	0.101010101	0	0	0	0	0	0	7.39E-05
CR07	1970s	Concrete	0	0	0	0	0	0	0.060606061	0.717171717	0.121212121	0.101010101	0	0	0	0	0	0	0.00022184
CR08	1970s	Concrete	0	0	0	0	0	0	0.060606061	0.717171717	0.121212121	0.101010101	0	0	0	0	0	0	0.000942742
CR09	1970s	Concrete	0	0	0	0	0	0	0.060606061	0.717171717	0.121212121	0.101010101	0	0	0	0	0	0	0.00237904
CR10	1970s	Concrete	0	0	0	0	0	0	0.060606061	0.717171717	0.121212121	0.101010101	0	0	0	0	0	0	0.000603717
CR11	1970s	Concrete	0	0	0	0	0	0	0.060606061	0.717171717	0.121212121	0.101010101	0	0	0	0	0	0	0.000245371
CR02	1980s	Concrete	0	0	0	0	0	0	0.060606061	0.717171717	0.121212121	0.101010101	0	0	0	0	0	0	9.72E-05
CR05	1980s	Concrete	0	0	0	0	0	0	0	0	0.25	0.75	0	0	0	0	0	0	5.12E-06
CR03	1980s	Concrete	0	0	0	0	0	0	0	0	0.25	0.75	0	0	0	0	0	0	0.00134617
CR04	1980s	Concrete	0	0	0	0	0	0	0	0	0.25	0.75	0	0	0	0	0	0	2.25E-05
CR06	1980s	Concrete	0	0	0	0	0	0	0	0	0.25	0.75	0	0	0	0	0	0	4.66E-05
CR07	1980s	Concrete	0	0	0	0	0	0	0	0	0.25	0.75	0	0	0	0	0	0	9.89E-05
CR08	1980s	Concrete	0	0	0	0	0	0	0	0	0.25	0.75	0	0	0	0	0	0	0.000462691
CR09	1980s	Concrete	0	0	0	0	0	0	0	0	0.25	0.75	0	0	0	0	0	0	0.00247518
CR10	1980s	Concrete	0	0	0	0	0	0	0	0	0.25	0.75	0	0	0	0	0	0	0.000251257
CR11	1980s	Concrete	0	0	0	0	0	0	0	0	0.25	0.75	0	0	0	0	0	0	1.81E-05
CR02	1990s	Concrete	0	0	0	0	0	0	0	0	0	1	0	0	0	0	0	0	8.18E-05
CR05	1990s	Concrete	0	0	0	0	0	0	0	0	0	1	0	0	0	0	0	0	4.75E-06
CR03	1990s	Concrete	0	0	0	0	0	0	0	0	0	1	0	0	0	0	0	0	0.00105262
CR04	1990s	Concrete	0	0	0	0	0	0	0	0	0	1	0	0	0	0	0	0	3.25E-05
CR06	1990s	Concrete	0	0	0	0	0	0	0	0	0	1	0	0	0	0	0	0	5.05E-05
CR07	1990s	Concrete	0	0	0	0	0	0	0	0	0	1	0	0	0	0	0	0	7.74E-05
CR08	1990s	Concrete	0	0	0	0	0	0	0	0	0	1	0	0	0	0	0	0	0.000435731
CR09	1990s	Concrete	0	0	0	0	0	0	0	0	0	1	0	0	0	0	0	0	0.00245682
CR10	1990s	Concrete	0	0	0	0	0	0	0	0	0	1	0	0	0	0	0	0	0.000205203
CR11	1990s	Concrete	0	0	0	0	0	0	0	0	0	1	0	0	0	0	0	0	1.14E-05
CR02	2000s	Concrete	0	0	0	0	0	0	0	0	0.5	0.5	0	0	0	0	0	0	0.000116374
CR05	2000s	Concrete	0	0	0	0	0	0	0	0	0.5	0.5	0	0	0	0	0	0	3.32E-05
CR03	2000s	Concrete	0	0	0	0	0	0	0	0	0.5	0.5	0	0	0	0	0	0	0.00106821
CR04	2000s	Concrete	0	0	0	0	0	0	0	0	0.5	0.5	0	0	0	0	0	0	2.33E-05
CR06	2000s	Concrete	0	0	0	0	0	0	0	0	0.5	0.5	0	0	0	0	0	0	7.64E-05
CR07	2000s	Concrete	0	0	0	0	0	0	0	0	0.5	0.5	0	0	0	0	0	0	8.75E-05
CR08	2000s	Concrete	0	0	0	0	0	0	0	0	0.5	0.5	0	0	0	0	0	0	0.00027837
CR09	2000s	Concrete	0	0	0	0	0	0	0	0	0.5	0.5	0	0	0	0	0	0	0.00269266
CR10	2000s	Concrete	0	0	0	0	0	0	0	0	0.5	0.5	0	0	0	0	0	0	4.93E-05
CR11	2000s	Concrete	0	0	0	0	0	0	0	0	0.5	0.5	0	0	0	0	0	0	6.16E-05
CR02	1940s	Concrete	0	0	0	0	0	0.31	0.17	0.31	0.14	0.07	0	0	0	0	0	0	2.40E-05
CR05	1940s	Concrete	0	0	0	0	0	0.31	0.17	0.31	0.14	0.07	0	0	0	0	0	0	2.25E-06
CR03	1940s	Concrete	0	0	0	0	0	0.31	0.17	0.31	0.14	0.07	0	0	0	0	0	0	0.000590415
CR04	1940s	Concrete	0	0	0	0	0	0.31	0.17	0.31	0.14	0.07	0	0	0	0	0	0	0.000130496
CR06	1940s	Concrete	0	0	0	0	0	0.31	0.17	0.31	0.14	0.07	0	0	0	0	0	0	3.12E-05
CR07	1940s	Concrete	0	0	0	0	0	0.31	0.17	0.31	0.14	0.07	0	0	0	0	0	0	0.000112902
CR08	1940s	Concrete	0	0	0	0	0	0.31	0.17	0.31	0.14	0.07	0	0	0	0	0	0	0.000184693
CR09	1940s	Concrete	0	0	0	0	0	0.31	0.17	0.31	0.14	0.07	0	0	0	0	0	0	0.000492624
CR10	1940s	Concrete	0	0	0	0	0	0.31	0.17	0.31	0.14	0.07	0	0	0	0	0	0	9.88E-05
CR11	1940s	Concrete	0	0	0	0	0	0.31	0.17	0.31	0.14	0.07	0	0	0	0	0	0	1.91E-05
CR02	2010s	Concrete	0	0	0	0	0	0	0	0	0.25	0.75	0	0	0	0	0	0	8.86E-05
CR05	2010s	Concrete	0	0	0	0	0	0	0	0	0.25	0.75	0	0	0	0	0	0	1.13E-05
CR03	2010s	Concrete	0	0	0	0	0	0	0	0	0.25	0.75	0	0	0	0	0	0	0.000300076
CR04	2010s	Concrete	0	0	0	0	0	0	0	0	0.25	0.75	0	0	0	0	0	0	7.25E-06
CR06	2010s	Concrete	0	0	0	0	0	0	0	0	0.25	0.75	0	0	0	0	0	0	1.27E-05
CR07	2010s	Concrete	0	0	0	0	0	0	0	0	0.25	0.75	0	0	0	0	0	0	3.80E-05
CR08	2010s	Concrete	0	0	0	0	0	0	0	0	0.25	0.75	0	0	0	0	0	0	0.000108981
CR09	2010s	Concrete	0	0	0	0	0	0	0	0	0.25	0.75	0	0	0	0	0	0	0.000567106
CR10	2010s	Concrete	0	0	0	0	0	0	0	0	0.25	0.75	0	0	0	0	0	0	5.32E-06
CR11	2010s	Concrete	0	0	0	0	0	0	0	0	0.25	0.75	0	0	0	0	0	0	1.85E-06
CR02	<1940	Void	0	0	0	0	0	0	0	0	0	0	0	0	0	0	0	1	0
CR05	<1940	Void	0	0	0	0	0	0	0	0	0	0	0	0	0	0	0	1	0
CR03	<1940	Void	0	0	0	0	0	0	0	0	0	0	0	0	0	0	0	1	0
CR04	<1940	Void	0	0	0	0	0	0	0	0	0	0	0	0	0	0	0	1	0
CR06	<1940	Void	0	0	0	0	0	0	0	0	0	0	0	0	0	0	0	1	0
CR07	<1940	Void	0	0	0	0	0	0	0	0	0	0	0	0	0	0	0	1	0
CR08	<1940	Void	0	0	0	0	0	0	0	0	0	0	0	0	0	0	0	1	0
CR09	<1940	Void	0	0	0	0	0	0	0	0	0	0	0	0	0	0	0	1	0
CR10	<1940	Void	0	0	0	0	0	0	0	0	0	0	0	0	0	0	0	1	0
CR11	<1940	Void	0	0	0	0	0	0	0	0	0	0	0	0	0	0	0	1	0
CR02	1950s	Void	0	0	0	0	0	0	0	0	0	0	0	0	0	0	0	1	0
CR05	1950s	Void	0	0	0	0	0	0	0	0	0	0	0	0	0	0	0	1	0
CR03	1950s	Void	0	0	0	0	0	0	0	0	0	0	0	0	0	0	0	1	0
CR04	1950s	Void	0	0	0	0	0	0	0	0	0	0	0	0	0	0	0	1	0
CR06	1950s	Void	0	0	0	0	0	0	0	0	0	0	0	0	0	0	0	1	0
CR07	1950s	Void	0	0	0	0	0	0	0	0	0	0	0	0	0	0	0	1	0
CR08	1950s	Void	0	0	0	0	0	0	0	0	0	0	0	0	0	0	0	1	0
CR09	1950s	Void	0	0	0	0	0	0	0	0	0	0	0	0	0	0	0	1	0
CR10	1950s	Void	0	0	0	0	0	0	0	0	0	0	0	0	0	0	0	1	0
CR11	1950s	Void	0	0	0	0	0	0	0	0	0	0	0	0	0	0	0	1	0
CR02	1960s	Void	0	0	0	0	0	0	0	0	0	0	0	0	0	0	0	1	0
CR05	1960s	Void	0	0	0	0	0	0	0	0	0	0	0	0	0	0	0	1	0
CR03	1960s	Void	0	0	0	0	0	0	0	0	0	0	0	0	0	0	0	1	0
CR04	1960s	Void	0	0	0	0	0	0	0	0	0	0	0	0	0	0	0	1	0
CR06	1960s	Void	0	0	0	0	0	0	0	0	0	0	0	0	0	0	0	1	0
CR07	1960s	Void	0	0	0	0	0	0	0	0	0	0	0	0	0	0	0	1	0
CR08	1960s	Void	0	0	0	0	0	0	0	0	0	0	0	0	0	0	0	1	0
CR09	1960s	Void	0	0	0	0	0	0	0	0	0	0	0	0	0	0	0	1	0
CR10	1960s	Void	0	0	0	0	0	0	0	0	0	0	0	0	0	0	0	1	0
CR11	1960s	Void	0	0	0	0	0	0	0	0	0	0	0	0	0	0	0	1	0
CR02	1970s	Void	0	0	0	0	0	0	0	0	0	0	0	0	0	0	0	1	0
CR05	1970s	Void	0	0	0	0	0	0	0	0	0	0	0	0	0	0	0	1	0
CR03	1970s	Void	0	0	0	0	0	0	0	0	0	0	0	0	0	0	0	1	0
CR04	1970s	Void	0	0	0	0	0	0	0	0	0	0	0	0	0	0	0	1	0
CR06	1970s	Void	0	0	0	0	0	0	0	0	0	0	0	0	0	0	0	1	0
CR07	1970s	Void	0	0	0	0	0	0	0	0	0	0	0	0	0	0	0	1	0
CR08	1970s	Void	0	0	0	0	0	0	0	0	0	0	0	0	0	0	0	1	0
CR09	1970s	Void	0	0	0	0	0	0	0	0	0	0	0	0	0	0	0	1	0
CR10	1970s	Void	0	0	0	0	0	0	0	0	0	0	0	0	0	0	0	1	0
CR11	1970s	Void	0	0	0	0	0	0	0	0	0	0	0	0	0	0	0	1	0
CR02	1980s	Void	0	0	0	0	0	0	0	0	0	0	0	0	0	0	0	1	0
CR05	1980s	Void	0	0	0	0	0	0	0	0	0	0	0	0	0	0	0	1	0
CR03	1980s	Void	0	0	0	0	0	0	0	0	0	0	0	0	0	0	0	1	0
CR04	1980s	Void	0	0	0	0	0	0	0	0	0	0	0	0	0	0	0	1	0
CR06	1980s	Void	0	0	0	0	0	0	0	0	0	0	0	0	0	0	0	1	0
CR07	1980s	Void	0	0	0	0	0	0	0	0	0	0	0	0	0	0	0	1	0
CR08	1980s	Void	0	0	0	0	0	0	0	0	0	0	0	0	0	0	0	1	0
CR09	1980s	Void	0	0	0	0	0	0	0	0	0	0	0	0	0	0	0	1	0
CR10	1980s	Void	0	0	0	0	0	0	0	0	0	0	0	0	0	0	0	1	0
CR11	1980s	Void	0	0	0	0	0	0	0	0	0	0	0	0	0	0	0	1	0
CR02	1990s	Void	0	0	0	0	0	0	0	0	0	0	0	0	0	0	0	1	0
CR05	1990s	Void	0	0	0	0	0	0	0	0	0	0	0	0	0	0	0	1	0
CR03	1990s	Void	0	0	0	0	0	0	0	0	0	0	0	0	0	0	0	1	0
CR04	1990s	Void	0	0	0	0	0	0	0	0	0	0	0	0	0	0	0	1	0
CR06	1990s	Void	0	0	0	0	0	0	0	0	0	0	0	0	0	0	0	1	0
CR07	1990s	Void	0	0	0	0	0	0	0	0	0	0	0	0	0	0	0	1	0
CR08	1990s	Void	0	0	0	0	0	0	0	0	0	0	0	0	0	0	0	1	0
CR09	1990s	Void	0	0	0	0	0	0	0	0	0	0	0	0	0	0	0	1	0
CR10	1990s	Void	0	0	0	0	0	0	0	0	0	0	0	0	0	0	0	1	0
CR11	1990s	Void	0	0	0	0	0	0	0	0	0	0	0	0	0	0	0	1	0
CR02	2000s	Void	0	0	0	0	0	0	0	0	0	0	0	0	0	0	0	1	0
CR05	2000s	Void	0	0	0	0	0	0	0	0	0	0	0	0	0	0	0	1	0
CR03	2000s	Void	0	0	0	0	0	0	0	0	0	0	0	0	0	0	0	1	0
CR04	2000s	Void	0	0	0	0	0	0	0	0	0	0	0	0	0	0	0	1	0
CR06	2000s	Void	0	0	0	0	0	0	0	0	0	0	0	0	0	0	0	1	0
CR07	2000s	Void	0	0	0	0	0	0	0	0	0	0	0	0	0	0	0	1	0
CR08	2000s	Void	0	0	0	0	0	0	0	0	0	0	0	0	0	0	0	1	0
CR09	2000s	Void	0	0	0	0	0	0	0	0	0	0	0	0	0	0	0	1	0
CR10	2000s	Void	0	0	0	0	0	0	0	0	0	0	0	0	0	0	0	1	0
CR11	2000s	Void	0	0	0	0	0	0	0	0	0	0	0	0	0	0	0	1	0
CR02	1940s	Void	0	0	0	0	0	0	0	0	0	0	0	0	0	0	0	1	0
CR05	1940s	Void	0	0	0	0	0	0	0	0	0	0	0	0	0	0	0	1	0
CR03	1940s	Void	0	0	0	0	0	0	0	0	0	0	0	0	0	0	0	1	0
CR04	1940s	Void	0	0	0	0	0	0	0	0	0	0	0	0	0	0	0	1	0
CR06	1940s	Void	0	0	0	0	0	0	0	0	0	0	0	0	0	0	0	1	0
CR07	1940s	Void	0	0	0	0	0	0	0	0	0	0	0	0	0	0	0	1	0
CR08	1940s	Void	0	0	0	0	0	0	0	0	0	0	0	0	0	0	0	1	0
CR09	1940s	Void	0	0	0	0	0	0	0	0	0	0	0	0	0	0	0	1	0
CR10	1940s	Void	0	0	0	0	0	0	0	0	0	0	0	0	0	0	0	1	0
CR11	1940s	Void	0	0	0	0	0	0	0	0	0	0	0	0	0	0	0	1	0
CR02	2010s	Void	0	0	0	0	0	0	0	0	0	0	0	0	0	0	0	1	0
CR05	2010s	Void	0	0	0	0	0	0	0	0	0	0	0	0	0	0	0	1	0
CR03	2010s	Void	0	0	0	0	0	0	0	0	0	0	0	0	0	0	0	1	0
CR04	2010s	Void	0	0	0	0	0	0	0	0	0	0	0	0	0	0	0	1	0
CR06	2010s	Void	0	0	0	0	0	0	0	0	0	0	0	0	0	0	0	1	0
CR07	2010s	Void	0	0	0	0	0	0	0	0	0	0	0	0	0	0	0	1	0
CR08	2010s	Void	0	0	0	0	0	0	0	0	0	0	0	0	0	0	0	1	0
CR09	2010s	Void	0	0	0	0	0	0	0	0	0	0	0	0	0	0	0	1	0
CR10	2010s	Void	0	0	0	0	0	0	0	0	0	0	0	0	0	0	0	1	0
CR11	2010s	Void	0	0	0	0	0	0	0	0	0	0	0	0	0	0	0	1	0
CR02	<1940	Steel Frame	0.31	0.17	0.31	0.14	0.07	0	0	0	0	0	0	0	0	0	0	0	0.000143713
CR05	<1940	Steel Frame	0.31	0.17	0.31	0.14	0.07	0	0	0	0	0	0	0	0	0	0	0	3.12E-05
CR03	<1940	Steel Frame	0.31	0.17	0.31	0.14	0.07	0	0	0	0	0	0	0	0	0	0	0	0.000380519
CR04	<1940	Steel Frame	0.31	0.17	0.31	0.14	0.07	0	0	0	0	0	0	0	0	0	0	0	0.000538554
CR06	<1940	Steel Frame	0.31	0.17	0.31	0.14	0.07	0	0	0	0	0	0	0	0	0	0	0	9.82E-05
CR07	<1940	Steel Frame	0.31	0.17	0.31	0.14	0.07	0	0	0	0	0	0	0	0	0	0	0	0.00179954
CR08	<1940	Steel Frame	0.31	0.17	0.31	0.14	0.07	0	0	0	0	0	0	0	0	0	0	0	0.000303264
CR09	<1940	Steel Frame	0.31	0.17	0.31	0.14	0.07	0	0	0	0	0	0	0	0	0	0	0	0.000359594
CR10	<1940	Steel Frame	0.31	0.17	0.31	0.14	0.07	0	0	0	0	0	0	0	0	0	0	0	3.44E-05
CR11	<1940	Steel Frame	0.31	0.17	0.31	0.14	0.07	0	0	0	0	0	0	0	0	0	0	0	0.000317242
CR02	1950s	Steel Frame	0.090909091	0.323232323	0.454545455	0.131313131	0	0	0	0	0	0	0	0	0	0	0	0	6.36E-05
CR05	1950s	Steel Frame	0.090909091	0.323232323	0.454545455	0.131313131	0	0	0	0	0	0	0	0	0	0	0	0	3.27E-05
CR03	1950s	Steel Frame	0.090909091	0.323232323	0.454545455	0.131313131	0	0	0	0	0	0	0	0	0	0	0	0	9.85E-05
CR04	1950s	Steel Frame	0.090909091	0.323232323	0.454545455	0.131313131	0	0	0	0	0	0	0	0	0	0	0	0	0.000244195
CR06	1950s	Steel Frame	0.090909091	0.323232323	0.454545455	0.131313131	0	0	0	0	0	0	0	0	0	0	0	0	4.44E-05
CR07	1950s	Steel Frame	0.090909091	0.323232323	0.454545455	0.131313131	0	0	0	0	0	0	0	0	0	0	0	0	0.000988596
CR08	1950s	Steel Frame	0.090909091	0.323232323	0.454545455	0.131313131	0	0	0	0	0	0	0	0	0	0	0	0	0.000211362
CR09	1950s	Steel Frame	0.090909091	0.323232323	0.454545455	0.131313131	0	0	0	0	0	0	0	0	0	0	0	0	0.000742823
CR10	1950s	Steel Frame	0.090909091	0.323232323	0.454545455	0.131313131	0	0	0	0	0	0	0	0	0	0	0	0	6.03E-05
CR11	1950s	Steel Frame	0.090909091	0.323232323	0.454545455	0.131313131	0	0	0	0	0	0	0	0	0	0	0	0	0.000205384
CR02	1960s	Steel Frame	0.059405941	0.148514851	0.435643564	0.237623762	0.118811881	0	0	0	0	0	0	0	0	0	0	0	0.000130633
CR05	1960s	Steel Frame	0.059405941	0.148514851	0.435643564	0.237623762	0.118811881	0	0	0	0	0	0	0	0	0	0	0	0.000100388
CR03	1960s	Steel Frame	0.059405941	0.148514851	0.435643564	0.237623762	0.118811881	0	0	0	0	0	0	0	0	0	0	0	0.000194487
CR04	1960s	Steel Frame	0.059405941	0.148514851	0.435643564	0.237623762	0.118811881	0	0	0	0	0	0	0	0	0	0	0	0.00044468
CR06	1960s	Steel Frame	0.059405941	0.148514851	0.435643564	0.237623762	0.118811881	0	0	0	0	0	0	0	0	0	0	0	9.05E-05
CR07	1960s	Steel Frame	0.059405941	0.148514851	0.435643564	0.237623762	0.118811881	0	0	0	0	0	0	0	0	0	0	0	0.00119349
CR08	1960s	Steel Frame	0.059405941	0.148514851	0.435643564	0.237623762	0.118811881	0	0	0	0	0	0	0	0	0	0	0	0.000403032
CR09	1960s	Steel Frame	0.059405941	0.148514851	0.435643564	0.237623762	0.118811881	0	0	0	0	0	0	0	0	0	0	0	0.00114449
CR10	1960s	Steel Frame	0.059405941	0.148514851	0.435643564	0.237623762	0.118811881	0	0	0	0	0	0	0	0	0	0	0	0.00020072
CR11	1960s	Steel Frame	0.059405941	0.148514851	0.435643564	0.237623762	0.118811881	0	0	0	0	0	0	0	0	0	0	0	0.00052896
CR02	1970s	Steel Frame	0	0.060606061	0.717171717	0.121212121	0.101010101	0	0	0	0	0	0	0	0	0	0	0	0.000259922
CR05	1970s	Steel Frame	0	0.060606061	0.717171717	0.121212121	0.101010101	0	0	0	0	0	0	0	0	0	0	0	0.000280784
CR03	1970s	Steel Frame	0	0.060606061	0.717171717	0.121212121	0.101010101	0	0	0	0	0	0	0	0	0	0	0	0.000349529
CR04	1970s	Steel Frame	0	0.060606061	0.717171717	0.121212121	0.101010101	0	0	0	0	0	0	0	0	0	0	0	0.000677952
CR06	1970s	Steel Frame	0	0.060606061	0.717171717	0.121212121	0.101010101	0	0	0	0	0	0	0	0	0	0	0	0.000154083
CR07	1970s	Steel Frame	0	0.060606061	0.717171717	0.121212121	0.101010101	0	0	0	0	0	0	0	0	0	0	0	0.000937774
CR08	1970s	Steel Frame	0	0.060606061	0.717171717	0.121212121	0.101010101	0	0	0	0	0	0	0	0	0	0	0	0.00054374
CR09	1970s	Steel Frame	0	0.060606061	0.717171717	0.121212121	0.101010101	0	0	0	0	0	0	0	0	0	0	0	0.00293029
CR10	1970s	Steel Frame	0	0.060606061	0.717171717	0.121212121	0.101010101	0	0	0	0	0	0	0	0	0	0	0	0.000598824
CR11	1970s	Steel Frame	0	0.060606061	0.717171717	0.121212121	0.101010101	0	0	0	0	0	0	0	0	0	0	0	0.000883705
CR02	1980s	Steel Frame	0	0.060606061	0.717171717	0.121212121	0.101010101	0	0	0	0	0	0	0	0	0	0	0	0.000105339
CR05	1980s	Steel Frame	0	0	0	0.25	0.75	0	0	0	0	0	0	0	0	0	0	0	0.000129584
CR03	1980s	Steel Frame	0	0	0	0.25	0.75	0	0	0	0	0	0	0	0	0	0	0	0.000191561
CR04	1980s	Steel Frame	0	0	0	0.25	0.75	0	0	0	0	0	0	0	0	0	0	0	0.000178048
CR06	1980s	Steel Frame	0	0	0	0.25	0.75	0	0	0	0	0	0	0	0	0	0	0	7.52E-05
CR07	1980s	Steel Frame	0	0	0	0.25	0.75	0	0	0	0	0	0	0	0	0	0	0	0.000258974
CR08	1980s	Steel Frame	0	0	0	0.25	0.75	0	0	0	0	0	0	0	0	0	0	0	0.000307764
CR09	1980s	Steel Frame	0	0	0	0.25	0.75	0	0	0	0	0	0	0	0	0	0	0	0.00249901
CR10	1980s	Steel Frame	0	0	0	0.25	0.75	0	0	0	0	0	0	0	0	0	0	0	0.000294455
CR11	1980s	Steel Frame	0	0	0	0.25	0.75	0	0	0	0	0	0	0	0	0	0	0	0.000328962
CR02	1990s	Steel Frame	0	0	0	0	1	0	0	0	0	0	0	0	0	0	0	0	0.000102843
CR05	1990s	Steel Frame	0	0	0	0	1	0	0	0	0	0	0	0	0	0	0	0	0.00015406
CR03	1990s	Steel Frame	0	0	0	0	1	0	0	0	0	0	0	0	0	0	0	0	0.000119263
CR04	1990s	Steel Frame	0	0	0	0	1	0	0	0	0	0	0	0	0	0	0	0	0.000173041
CR06	1990s	Steel Frame	0	0	0	0	1	0	0	0	0	0	0	0	0	0	0	0	0.000105558
CR07	1990s	Steel Frame	0	0	0	0	1	0	0	0	0	0	0	0	0	0	0	0	0.000199567
CR08	1990s	Steel Frame	0	0	0	0	1	0	0	0	0	0	0	0	0	0	0	0	0.000339906
CR09	1990s	Steel Frame	0	0	0	0	1	0	0	0	0	0	0	0	0	0	0	0	0.00343917
CR10	1990s	Steel Frame	0	0	0	0	1	0	0	0	0	0	0	0	0	0	0	0	0.000307054
CR11	1990s	Steel Frame	0	0	0	0	1	0	0	0	0	0	0	0	0	0	0	0	0.00023383
CR02	2000s	Steel Frame	0	0	0	0.5	0.5	0	0	0	0	0	0	0	0	0	0	0	0.000111306
CR05	2000s	Steel Frame	0	0	0	0.5	0.5	0	0	0	0	0	0	0	0	0	0	0	0.000100974
CR03	2000s	Steel Frame	0	0	0	0.5	0.5	0	0	0	0	0	0	0	0	0	0	0	0.000106509
CR04	2000s	Steel Frame	0	0	0	0.5	0.5	0	0	0	0	0	0	0	0	0	0	0	0.00016798
CR06	2000s	Steel Frame	0	0	0	0.5	0.5	0	0	0	0	0	0	0	0	0	0	0	0.000177479
CR07	2000s	Steel Frame	0	0	0	0.5	0.5	0	0	0	0	0	0	0	0	0	0	0	0.000212766
CR08	2000s	Steel Frame	0	0	0	0.5	0.5	0	0	0	0	0	0	0	0	0	0	0	0.000278513
CR09	2000s	Steel Frame	0	0	0	0.5	0.5	0	0	0	0	0	0	0	0	0	0	0	0.00250942
CR10	2000s	Steel Frame	0	0	0	0.5	0.5	0	0	0	0	0	0	0	0	0	0	0	9.70E-05
CR11	2000s	Steel Frame	0	0	0	0.5	0.5	0	0	0	0	0	0	0	0	0	0	0	0.000240025
CR02	1940s	Steel Frame	0.31	0.17	0.31	0.14	0.07	0	0	0	0	0	0	0	0	0	0	0	2.64E-05
CR05	1940s	Steel Frame	0.31	0.17	0.31	0.14	0.07	0	0	0	0	0	0	0	0	0	0	0	1.13E-05
CR03	1940s	Steel Frame	0.31	0.17	0.31	0.14	0.07	0	0	0	0	0	0	0	0	0	0	0	5.69E-05
CR04	1940s	Steel Frame	0.31	0.17	0.31	0.14	0.07	0	0	0	0	0	0	0	0	0	0	0	0.000124231
CR06	1940s	Steel Frame	0.31	0.17	0.31	0.14	0.07	0	0	0	0	0	0	0	0	0	0	0	2.15E-05
CR07	1940s	Steel Frame	0.31	0.17	0.31	0.14	0.07	0	0	0	0	0	0	0	0	0	0	0	0.000535201
CR08	1940s	Steel Frame	0.31	0.17	0.31	0.14	0.07	0	0	0	0	0	0	0	0	0	0	0	0.000102569
CR09	1940s	Steel Frame	0.31	0.17	0.31	0.14	0.07	0	0	0	0	0	0	0	0	0	0	0	0.000309106
CR10	1940s	Steel Frame	0.31	0.17	0.31	0.14	0.07	0	0	0	0	0	0	0	0	0	0	0	1.39E-05
CR11	1940s	Steel Frame	0.31	0.17	0.31	0.14	0.07	0	0	0	0	0	0	0	0	0	0	0	9.17E-05
CR02	2010s	Steel Frame	0	0	0	0.25	0.75	0	0	0	0	0	0	0	0	0	0	0	7.01E-05
CR05	2010s	Steel Frame	0	0	0	0.25	0.75	0	0	0	0	0	0	0	0	0	0	0	6.84E-05
CR03	2010s	Steel Frame	0	0	0	0.25	0.75	0	0	0	0	0	0	0	0	0	0	0	6.90E-05
CR04	2010s	Steel Frame	0	0	0	0.25	0.75	0	0	0	0	0	0	0	0	0	0	0	9.38E-05
CR06	2010s	Steel Frame	0	0	0	0.25	0.75	0	0	0	0	0	0	0	0	0	0	0	0.000110826
CR07	2010s	Steel Frame	0	0	0	0.25	0.75	0	0	0	0	0	0	0	0	0	0	0	0.000148971
CR08	2010s	Steel Frame	0	0	0	0.25	0.75	0	0	0	0	0	0	0	0	0	0	0	0.000204283
CR09	2010s	Steel Frame	0	0	0	0.25	0.75	0	0	0	0	0	0	0	0	0	0	0	0.00103587
CR10	2010s	Steel Frame	0	0	0	0.25	0.75	0	0	0	0	0	0	0	0	0	0	0	4.72E-05
CR11	2010s	Steel Frame	0	0	0	0.25	0.75	0	0	0	0	0	0	0	0	0	0	0	0.00014756
CR02	<1940	Wood Frame	0.31	0.17	0.31	0.14	0.07	0	0	0	0	0	0	0	0	0	0	0	0.00939084
CR05	<1940	Wood Frame	0.31	0.17	0.31	0.14	0.07	0	0	0	0	0	0	0	0	0	0	0	0.00281216
CR03	<1940	Wood Frame	0.31	0.17	0.31	0.14	0.07	0	0	0	0	0	0	0	0	0	0	0	0.009817
CR04	<1940	Wood Frame	0.31	0.17	0.31	0.14	0.07	0	0	0	0	0	0	0	0	0	0	0	0.0169877
CR06	<1940	Wood Frame	0.31	0.17	0.31	0.14	0.07	0	0	0	0	0	0	0	0	0	0	0	0.0034555
CR07	<1940	Wood Frame	0.31	0.17	0.31	0.14	0.07	0	0	0	0	0	0	0	0	0	0	0	0.0214376
CR08	<1940	Wood Frame	0.31	0.17	0.31	0.14	0.07	0	0	0	0	0	0	0	0	0	0	0	0.0118007
CR09	<1940	Wood Frame	0.31	0.17	0.31	0.14	0.07	0	0	0	0	0	0	0	0	0	0	0	0.00931878
CR10	<1940	Wood Frame	0.31	0.17	0.31	0.14	0.07	0	0	0	0	0	0	0	0	0	0	0	0.00036665
CR11	<1940	Wood Frame	0.31	0.17	0.31	0.14	0.07	0	0	0	0	0	0	0	0	0	0	0	0.00895326
CR02	1950s	Wood Frame	0.090909091	0.323232323	0.454545455	0.131313131	0	0	0	0	0	0	0	0	0	0	0	0	0.00501385
CR05	1950s	Wood Frame	0.090909091	0.323232323	0.454545455	0.131313131	0	0	0	0	0	0	0	0	0	0	0	0	0.0023711
CR03	1950s	Wood Frame	0.090909091	0.323232323	0.454545455	0.131313131	0	0	0	0	0	0	0	0	0	0	0	0	0.00391232
CR04	1950s	Wood Frame	0.090909091	0.323232323	0.454545455	0.131313131	0	0	0	0	0	0	0	0	0	0	0	0	0.00943174
CR06	1950s	Wood Frame	0.090909091	0.323232323	0.454545455	0.131313131	0	0	0	0	0	0	0	0	0	0	0	0	0.00248335
CR07	1950s	Wood Frame	0.090909091	0.323232323	0.454545455	0.131313131	0	0	0	0	0	0	0	0	0	0	0	0	0.0111104
CR08	1950s	Wood Frame	0.090909091	0.323232323	0.454545455	0.131313131	0	0	0	0	0	0	0	0	0	0	0	0	0.010541
CR09	1950s	Wood Frame	0.090909091	0.323232323	0.454545455	0.131313131	0	0	0	0	0	0	0	0	0	0	0	0	0.0145721
CR10	1950s	Wood Frame	0.090909091	0.323232323	0.454545455	0.131313131	0	0	0	0	0	0	0	0	0	0	0	0	0.00143775
CR11	1950s	Wood Frame	0.090909091	0.323232323	0.454545455	0.131313131	0	0	0	0	0	0	0	0	0	0	0	0	0.0135504
CR02	1960s	Wood Frame	0.059405941	0.148514851	0.435643564	0.237623762	0.118811881	0	0	0	0	0	0	0	0	0	0	0	0.0047407
CR05	1960s	Wood Frame	0.059405941	0.148514851	0.435643564	0.237623762	0.118811881	0	0	0	0	0	0	0	0	0	0	0	0.0024814
CR03	1960s	Wood Frame	0.059405941	0.148514851	0.435643564	0.237623762	0.118811881	0	0	0	0	0	0	0	0	0	0	0	0.00370846
CR04	1960s	Wood Frame	0.059405941	0.148514851	0.435643564	0.237623762	0.118811881	0	0	0	0	0	0	0	0	0	0	0	0.00750475
CR06	1960s	Wood Frame	0.059405941	0.148514851	0.435643564	0.237623762	0.118811881	0	0	0	0	0	0	0	0	0	0	0	0.00313957
CR07	1960s	Wood Frame	0.059405941	0.148514851	0.435643564	0.237623762	0.118811881	0	0	0	0	0	0	0	0	0	0	0	0.00937933
CR08	1960s	Wood Frame	0.059405941	0.148514851	0.435643564	0.237623762	0.118811881	0	0	0	0	0	0	0	0	0	0	0	0.0113704
CR09	1960s	Wood Frame	0.059405941	0.148514851	0.435643564	0.237623762	0.118811881	0	0	0	0	0	0	0	0	0	0	0	0.0148627
CR10	1960s	Wood Frame	0.059405941	0.148514851	0.435643564	0.237623762	0.118811881	0	0	0	0	0	0	0	0	0	0	0	0.00222965
CR11	1960s	Wood Frame	0.059405941	0.148514851	0.435643564	0.237623762	0.118811881	0	0	0	0	0	0	0	0	0	0	0	0.0132489
CR02	1970s	Wood Frame	0	0.060606061	0.717171717	0.121212121	0.101010101	0	0	0	0	0	0	0	0	0	0	0	0.00718047
CR05	1970s	Wood Frame	0	0.060606061	0.717171717	0.121212121	0.101010101	0	0	0	0	0	0	0	0	0	0	0	0.0056074
CR03	1970s	Wood Frame	0	0.060606061	0.717171717	0.121212121	0.101010101	0	0	0	0	0	0	0	0	0	0	0	0.00429753
CR04	1970s	Wood Frame	0	0.060606061	0.717171717	0.121212121	0.101010101	0	0	0	0	0	0	0	0	0	0	0	0.00950175
CR06	1970s	Wood Frame	0	0.060606061	0.717171717	0.121212121	0.101010101	0	0	0	0	0	0	0	0	0	0	0	0.00570533
CR07	1970s	Wood Frame	0	0.060606061	0.717171717	0.121212121	0.101010101	0	0	0	0	0	0	0	0	0	0	0	0.00868765
CR08	1970s	Wood Frame	0	0.060606061	0.717171717	0.121212121	0.101010101	0	0	0	0	0	0	0	0	0	0	0	0.015905
CR09	1970s	Wood Frame	0	0.060606061	0.717171717	0.121212121	0.101010101	0	0	0	0	0	0	0	0	0	0	0	0.0236358
CR10	1970s	Wood Frame	0	0.060606061	0.717171717	0.121212121	0.101010101	0	0	0	0	0	0	0	0	0	0	0	0.00461693
CR11	1970s	Wood Frame	0	0.060606061	0.717171717	0.121212121	0.101010101	0	0	0	0	0	0	0	0	0	0	0	0.0171974
CR02	1980s	Wood Frame	0	0.060606061	0.717171717	0.121212121	0.101010101	0	0	0	0	0	0	0	0	0	0	0	0.00523136
CR05	1980s	Wood Frame	0	0	0	0.25	0.75	0	0	0	0	0	0	0	0	0	0	0	0.00449229
CR03	1980s	Wood Frame	0	0	0	0.25	0.75	0	0	0	0	0	0	0	0	0	0	0	0.00454453
CR04	1980s	Wood Frame	0	0	0	0.25	0.75	0	0	0	0	0	0	0	0	0	0	0	0.00765777
CR06	1980s	Wood Frame	0	0	0	0.25	0.75	0	0	0	0	0	0	0	0	0	0	0	0.00418699
CR07	1980s	Wood Frame	0	0	0	0.25	0.75	0	0	0	0	0	0	0	0	0	0	0	0.00972031
CR08	1980s	Wood Frame	0	0	0	0.25	0.75	0	0	0	0	0	0	0	0	0	0	0	0.0157161
CR09	1980s	Wood Frame	0	0	0	0.25	0.75	0	0	0	0	0	0	0	0	0	0	0	0.0279682
CR10	1980s	Wood Frame	0	0	0	0.25	0.75	0	0	0	0	0	0	0	0	0	0	0	0.0058417
CR11	1980s	Wood Frame	0	0	0	0.25	0.75	0	0	0	0	0	0	0	0	0	0	0	0.015315
CR02	1990s	Wood Frame	0	0	0	0	1	0	0	0	0	0	0	0	0	0	0	0	0.00650807
CR05	1990s	Wood Frame	0	0	0	0	1	0	0	0	0	0	0	0	0	0	0	0	0.00562427
CR03	1990s	Wood Frame	0	0	0	0	1	0	0	0	0	0	0	0	0	0	0	0	0.00293779
CR04	1990s	Wood Frame	0	0	0	0	1	0	0	0	0	0	0	0	0	0	0	0	0.0100346
CR06	1990s	Wood Frame	0	0	0	0	1	0	0	0	0	0	0	0	0	0	0	0	0.00574301
CR07	1990s	Wood Frame	0	0	0	0	1	0	0	0	0	0	0	0	0	0	0	0	0.00858443
CR08	1990s	Wood Frame	0	0	0	0	1	0	0	0	0	0	0	0	0	0	0	0	0.0175193
CR09	1990s	Wood Frame	0	0	0	0	1	0	0	0	0	0	0	0	0	0	0	0	0.0294756
CR10	1990s	Wood Frame	0	0	0	0	1	0	0	0	0	0	0	0	0	0	0	0	0.00745294
CR11	1990s	Wood Frame	0	0	0	0	1	0	0	0	0	0	0	0	0	0	0	0	0.0110442
CR02	2000s	Wood Frame	0	0	0	0.5	0.5	0	0	0	0	0	0	0	0	0	0	0	0.00634911
CR05	2000s	Wood Frame	0	0	0	0.5	0.5	0	0	0	0	0	0	0	0	0	0	0	0.00619032
CR03	2000s	Wood Frame	0	0	0	0.5	0.5	0	0	0	0	0	0	0	0	0	0	0	0.00278101
CR04	2000s	Wood Frame	0	0	0	0.5	0.5	0	0	0	0	0	0	0	0	0	0	0	0.0084166
CR06	2000s	Wood Frame	0	0	0	0.5	0.5	0	0	0	0	0	0	0	0	0	0	0	0.00498059
CR07	2000s	Wood Frame	0	0	0	0.5	0.5	0	0	0	0	0	0	0	0	0	0	0	0.00797383
CR08	2000s	Wood Frame	0	0	0	0.5	0.5	0	0	0	0	0	0	0	0	0	0	0	0.0159999
CR09	2000s	Wood Frame	0	0	0	0.5	0.5	0	0	0	0	0	0	0	0	0	0	0	0.0301308
CR10	2000s	Wood Frame	0	0	0	0.5	0.5	0	0	0	0	0	0	0	0	0	0	0	0.00848072
CR11	2000s	Wood Frame	0	0	0	0.5	0.5	0	0	0	0	0	0	0	0	0	0	0	0.0111604
CR02	1940s	Wood Frame	0.31	0.17	0.31	0.14	0.07	0	0	0	0	0	0	0	0	0	0	0	0.00243584
CR05	1940s	Wood Frame	0.31	0.17	0.31	0.14	0.07	0	0	0	0	0	0	0	0	0	0	0	0.00107933
CR03	1940s	Wood Frame	0.31	0.17	0.31	0.14	0.07	0	0	0	0	0	0	0	0	0	0	0	0.00190851
CR04	1940s	Wood Frame	0.31	0.17	0.31	0.14	0.07	0	0	0	0	0	0	0	0	0	0	0	0.00439521
CR06	1940s	Wood Frame	0.31	0.17	0.31	0.14	0.07	0	0	0	0	0	0	0	0	0	0	0	0.00160964
CR07	1940s	Wood Frame	0.31	0.17	0.31	0.14	0.07	0	0	0	0	0	0	0	0	0	0	0	0.00534472
CR08	1940s	Wood Frame	0.31	0.17	0.31	0.14	0.07	0	0	0	0	0	0	0	0	0	0	0	0.00520898
CR09	1940s	Wood Frame	0.31	0.17	0.31	0.14	0.07	0	0	0	0	0	0	0	0	0	0	0	0.00631424
CR10	1940s	Wood Frame	0.31	0.17	0.31	0.14	0.07	0	0	0	0	0	0	0	0	0	0	0	0.000475818
CR11	1940s	Wood Frame	0.31	0.17	0.31	0.14	0.07	0	0	0	0	0	0	0	0	0	0	0	0.00591678
CR02	2010s	Wood Frame	0	0	0	0.25	0.75	0	0	0	0	0	0	0	0	0	0	0	0.00250293
CR05	2010s	Wood Frame	0	0	0	0.25	0.75	0	0	0	0	0	0	0	0	0	0	0	0.002516
CR03	2010s	Wood Frame	0	0	0	0.25	0.75	0	0	0	0	0	0	0	0	0	0	0	0.00110913
CR04	2010s	Wood Frame	0	0	0	0.25	0.75	0	0	0	0	0	0	0	0	0	0	0	0.00228337
CR06	2010s	Wood Frame	0	0	0	0.25	0.75	0	0	0	0	0	0	0	0	0	0	0	0.00205407
CR07	2010s	Wood Frame	0	0	0	0.25	0.75	0	0	0	0	0	0	0	0	0	0	0	0.0027462
CR08	2010s	Wood Frame	0	0	0	0.25	0.75	0	0	0	0	0	0	0	0	0	0	0	0.00606972
CR09	2010s	Wood Frame	0	0	0	0.25	0.75	0	0	0	0	0	0	0	0	0	0	0	0.0123672
CR10	2010s	Wood Frame	0	0	0	0.25	0.75	0	0	0	0	0	0	0	0	0	0	0	0.00210997
CR11	2010s	Wood Frame	0	0	0	0.25	0.75	0	0	0	0	0	0	0	0	0	0	0	0.00339042
"# Source: Ritschard et al. Single-Family Heating and Cooling Requirements: Assumptions, Methods, and Summary Results 1992"																			
"# Source: Nettleton, G.; Edwards, J. (2012). Data Collection-Data Characterization Summary, NorthernSTAR Building America Partnership, Building Technologies Program. Washington, D.C.: U.S. Department of Energy, as described in Roberts et al., 'Assessment of the U.S. Department of Energy's Home Energy Score Tool', 2012, and Merket Building America Field Data Repository, Webinar, 2014"																			
"# Assumption: Updated per new wall type from Lightbox, all wall type-specific distributions follow that of `Wood Frame` (`WoodStud`)"																			
"# Source: Ritschard et al. Single-Family Heating and Cooling Requirements: Assumptions, Methods, and Summary Results 1992"																			
"# Source: Nettleton, G.; Edwards, J. (2012). Data Collection-Data Characterization Summary, NorthernSTAR Building America Partnership, Building Technologies Program. Washington, D.C.: U.S. Department of Energy, as described in Roberts et al., 'Assessment of the U.S. Department of Energy's Home Energy Score Tool', 2012, and Merket Building America Field Data Repository, Webinar, 2014"																			
"# Assumption: Updated per new wall type from Lightbox, all wall type-specific distributions follow that of `Wood Frame` (`WoodStud`)"																			
"# Source: Ritschard et al. Single-Family Heating and Cooling Requirements: Assumptions, Methods, and Summary Results 1992"																			
"# Source: Nettleton, G.; Edwards, J. (2012). Data Collection-Data Characterization Summary, NorthernSTAR Building America Partnership, Building Technologies Program. Washington, D.C.: U.S. Department of Energy, as described in Roberts et al., 'Assessment of the U.S. Department of Energy's Home Energy Score Tool', 2012, and Merket Building America Field Data Repository, Webinar, 2014"																			
"# Assumption: Updated per new wall type from Lightbox, all wall type-specific distributions follow that of `Wood Frame` (`WoodStud`)"																			
"# Source: Ritschard et al. Single-Family Heating and Cooling Requirements: Assumptions, Methods, and Summary Results 1992"																			
"# Source: Nettleton, G.; Edwards, J. (2012). Data Collection-Data Characterization Summary, NorthernSTAR Building America Partnership, Building Technologies Program. Washington, D.C.: U.S. Department of Energy, as described in Roberts et al., 'Assessment of the U.S. Department of Energy's Home Energy Score Tool', 2012, and Merket Building America Field Data Repository, Webinar, 2014"																			
"# Assumption: Updated per new wall type from Lightbox, all wall type-specific distributions follow that of `Wood Frame` (`WoodStud`)"																			
